Unnamed: 0,Character,Vowel,Tone,Speaker,Mode,n,F0_max,F0_min,Tvalue_min_1,index,Location,QuadraticTerm,LinearTerm,DF,Endingpoint,Tvalue_min,Duration,Mean_F0,T3_percent
1,é¨,y,Tone 3,speaker001,loud,20,271.5083895,171.7177417,0,é¨-speaker001-loud-Tone 3,14,0.010180158,-0.216025447,0.922187218,2.51769687,1.178609039,0.489,201.3164593,0.826086957
2,æ,i,Tone 2,speaker001,loud,20,314.2801943,221.0616456,0,æ-speaker001-loud-Tone 2,6,0.010180158,-0.216025447,0.260042792,2.925140355,1.840753465,0.251,258.5195128,0
3,æ,a,Tone 3,speaker001,loud,20,248.6323494,97.22289472,0,æ-speaker001-loud-Tone 3,11,0.010180158,-0.216025447,1.921831425,1.94333114,0.178964832,0.489,174.1147517,0.782608696
4,äº,u,Tone 3,speaker001,loud,20,250.1599969,166.9489739,0,äº-speaker001-loud-Tone 3,13,0.010180158,-0.216025447,0.986179176,2.2088583,1.114617081,0.508,206.1853593,0.826086957
5,æ,a,Tone 2,speaker001,loud,20,298.6792055,181.7828138,0,æ-speaker001-loud-Tone 2,7,0.010180158,-0.216025447,0.787124305,2.882301268,1.313671952,0.242,223.3060233,0.086956522
6,åº,i,Tone 3,speaker001,loud,20,456.4929975,157.4318093,0,åº-speaker001-loud-Tone 3,14,0.010180158,-0.216025447,1.113889734,5,0.986906524,0.49,220.5033047,0.956521739
7,æ¸´,e,Tone 3,speaker001,loud,20,242.7490137,150.1408416,0,æ¸´-speaker001-loud-Tone 3,11,0.010180158,-0.216025447,1.211727019,2.131775634,0.889069238,0.444,193.2798475,0.782608696
8,å³,e,Tone 2,speaker001,loud,20,276.2767139,219.2089831,0,å³-speaker001-loud-Tone 2,6,0.010180158,-0.216025447,0.284903617,2.581682878,1.815892641,0.207,242.0103733,0.043478261
9,é±¼,y,Tone 2,speaker001,loud,20,328.9951895,216.3001866,0,é±¼-speaker001-loud-Tone 2,6,0.010180158,-0.216025447,0.323936673,3.144330581,1.776859584,0.262,261.3258609,0.043478261
10,æ ,u,Tone 2,speaker001,loud,20,317.512232,226.2861577,0,æ -speaker001-loud-Tone 2,4,0.010180158,-0.216025447,0.189935214,2.979233756,1.910861043,0.242,267.6822582,0.086956522
11,ç£¨,o,Tone 2,speaker001,loud,20,335.7170513,218.6371156,0,ç£¨-speaker001-loud-Tone 2,6,0.010180158,-0.216025447,0.29257749,3.379311054,1.808218767,0.338,259.1990221,0
12,ç£¨,o,Tone 2,speaker003,loud,20,331.7373272,235.7943971,0,ç£¨-speaker003-loud-Tone 2,1,0.018803786,-0.378383701,0.172272112,2.864273099,1.839806173,0.341,268.9602412,0.043478261
13,é¨,y,Tone 3,speaker003,loud,20,308.2494504,195.4845323,0,é¨-speaker003-loud-Tone 3,15,0.018803786,-0.378383701,0.713189028,2.61347241,1.409382345,0.618,246.5003783,0.869565217
14,æ¸´,e,Tone 3,speaker003,loud,20,361.0347335,225.7193125,0,æ¸´-speaker003-loud-Tone 3,11,0.018803786,-0.378383701,0.307469383,3.177107236,1.732225646,0.493,278.2104,0.652173913
15,æ,i,Tone 2,speaker003,loud,20,444.01841,307.8108317,0,æ-speaker003-loud-Tone 2,1,0.018803786,-0.378383701,-0.794114351,3.550429734,2.608788893,0.343,377.1531531,0
16,å³,e,Tone 2,speaker003,loud,20,446.1393263,343.6225014,0,å³-speaker003-loud-Tone 2,4,0.018803786,-0.378383701,-1.274670116,3.952103204,2.991181542,0.304,389.1510786,0.086956522
17,äº,u,Tone 3,speaker003,loud,20,422.2902463,286.5585519,0,äº-speaker003-loud-Tone 3,5,0.018803786,-0.378383701,-0.50893062,3.617521686,2.381859637,0.345,342.5589355,0.043478261
18,æ,a,Tone 3,speaker003,loud,20,336.4175056,249.2800596,0,æ-speaker003-loud-Tone 3,12,0.018803786,-0.378383701,-0.008691605,2.865974594,1.983804435,0.431,276.0738281,0.347826087
19,åº,i,Tone 3,speaker003,loud,20,433.6714409,299.3730364,0,åº-speaker003-loud-Tone 3,11,0.018803786,-0.378383701,-0.680887818,3.722873782,2.518691142,0.504,350.7695259,0.434782609
20,æ ,u,Tone 2,speaker003,loud,20,531.7514922,372.8613425,0,æ -speaker003-loud-Tone 2,1,0.018803786,-0.378383701,-1.667025283,4.267019666,3.303390327,0.276,447.1932618,0.043478261
21,æ,a,Tone 2,speaker003,loud,20,468.7624904,329.5013346,0,æ-speaker003-loud-Tone 2,1,0.018803786,-0.378383701,-1.085178585,3.724511461,2.840397442,0.38,404.944275,0.086956522
22,é±¼,y,Tone 2,speaker003,loud,20,496.1880214,275.8380918,0,é±¼-speaker003-loud-Tone 2,1,0.018803786,-0.378383701,-0.365073074,4.545317392,2.267387869,0.415,399.2727266,0.043478261
23,é±¼,y,Tone 2,speaker006,loud,20,463.7981537,249.4583823,0,é±¼-speaker006-loud-Tone 2,1,0.007692007,-0.076756371,-0.520728645,5,2.142225713,0.617,337.0239616,0.173913043
24,äº,u,Tone 3,speaker006,loud,20,384.0370972,260.5965202,0,äº-speaker006-loud-Tone 3,11,0.007692007,-0.076756371,-0.670190997,3.936552489,2.290729577,0.623,299.0131125,0.391304348
25,ç£¨,o,Tone 2,speaker006,loud,20,448.1772102,284.9953601,0,ç£¨-speaker006-loud-Tone 2,7,0.007692007,-0.076756371,-0.997598327,4.760281181,2.616037273,0.488,345.6180511,0.043478261
26,é¨,y,Tone 3,speaker006,loud,20,374.4881866,255.0538524,0,é¨-speaker006-loud-Tone 3,9,0.007692007,-0.076756371,-0.595814097,3.714580795,2.216829649,0.6,300.1250538,0.434782609
27,æ,a,Tone 2,speaker006,loud,20,387.6085726,228.3932914,0,æ-speaker006-loud-Tone 2,1,0.007692007,-0.076756371,-0.238056796,3.984170673,1.861366614,0.396,293.1744979,0.086956522
28,æ¸´,e,Tone 3,speaker006,loud,20,358.0990706,252.3353787,0,æ¸´-speaker006-loud-Tone 3,12,0.007692007,-0.076756371,-0.559334977,3.590722945,2.180584466,0.542,295.6107377,0.347826087
29,å³,e,Tone 2,speaker006,loud,20,424.0932452,283.0693235,0,å³-speaker006-loud-Tone 2,7,0.007692007,-0.076756371,-0.971752897,4.470617768,2.590357588,0.443,336.8438475,0
30,æ,a,Tone 3,speaker006,loud,20,288.3695089,202.7196016,0,æ-speaker006-loud-Tone 3,11,0.007692007,-0.076756371,0.106457708,2.661024517,1.51906145,0.48,238.7319037,0.52173913
31,æ,i,Tone 2,speaker006,loud,20,389.6722854,272.6705094,0,æ-speaker006-loud-Tone 2,9,0.007692007,-0.076756371,-0.83221151,3.98416928,2.451711067,0.421,313.6788465,0.043478261
32,æ ,u,Tone 2,speaker006,loud,20,403.1640468,282.6271993,0,æ -speaker006-loud-Tone 2,1,0.007692007,-0.076756371,-0.965820046,4.191130713,2.584462783,0.415,326.903639,0
33,åº,i,Tone 3,speaker006,loud,20,318.6135717,224.7295405,0,åº-speaker006-loud-Tone 3,11,0.007692007,-0.076756371,-0.188893029,3.064266083,1.812518129,0.506,257.1699355,0.652173913
34,æ¹,o,Tone 3,speaker006,loud,20,341.2360837,233.1398344,0,æ¹-speaker006-loud-Tone 3,12,0.007692007,-0.076756371,-0.30175052,3.365890148,1.924651876,0.548,272.7934393,0.434782609
35,æ,a,Tone 3,speaker007,loud,20,246.5037772,168.7636653,0,æ-speaker007-loud-Tone 3,10,0.026350792,-0.478999168,1.078783646,2.643467232,1.312849019,0.484,204.1320785,0.434782609
36,æ,i,Tone 2,speaker007,loud,20,319.8728554,221.8161819,0,æ-speaker007-loud-Tone 2,10,0.026350792,-0.478999168,0.366873453,3.899269795,2.22090849,0.377,248.3487546,0.043478261
37,æ,a,Tone 2,speaker007,loud,20,271.5569425,202.8843637,0,æ-speaker007-loud-Tone 2,6,0.026350792,-0.478999168,0.620918977,3.072283158,1.896866994,0.403,222.417189,0.043478261
38,é¨,y,Tone 3,speaker007,loud,20,256.0587313,186.6962094,0,é¨-speaker007-loud-Tone 3,9,0.01361973,-0.279186217,0.609867505,2.231175071,1.619786702,0.571,220.8751402,0.869565217
39,äº,u,Tone 3,speaker007,loud,20,228.2650426,180.1230995,0,äº-speaker007-loud-Tone 3,10,0.01361973,-0.279186217,0.698071878,2.096180256,1.507279792,0.492,206.0618973,0.608695652
40,æ¸´,e,Tone 3,speaker007,loud,20,287.426184,199.1053835,0,æ¸´-speaker007-loud-Tone 3,11,0.026350792,-0.478999168,0.671629003,2.325766724,1.832185072,0.482,232.122232,0.782608696
41,æ ,u,Tone 2,speaker007,loud,20,384.1819776,230.0252034,0,æ -speaker007-loud-Tone 2,1,0.026350792,-0.478999168,0.25671683,4.989957397,2.361416051,0.417,292.5915108,0
42,ç£¨,o,Tone 2,speaker007,loud,20,319.9291576,217.0492602,0,ç£¨-speaker007-loud-Tone 2,1,0.026350792,-0.478999168,0.430840638,3.900233477,2.139316726,0.393,260.5607189,0
43,å³,e,Tone 2,speaker007,loud,20,317.46457,244.7079582,0,å³-speaker007-loud-Tone 2,7,0.026350792,-0.478999168,0.059689366,3.80656463,2.612729568,0.378,272.6705882,0.086956522
44,åº,i,Tone 3,speaker007,loud,20,288.7105539,210.5435952,0,åº-speaker007-loud-Tone 3,8,0.026350792,-0.478999168,0.51813997,2.486662038,2.027964219,0.523,241.1791573,0.782608696
45,æ¹,o,Tone 3,speaker007,loud,20,246.112839,201.4906915,0,æ¹-speaker007-loud-Tone 3,8,0.026350792,-0.478999168,0.639620624,2.030793206,1.87301257,0.517,224.9939561,0.652173913
46,é±¼,y,Tone 2,speaker007,loud,20,382.0108412,214.2548543,0,é±¼-speaker007-loud-Tone 2,1,0.01361973,-0.279186217,0.240058843,4.962838314,2.091487011,0.431,276.8769226,0.043478261
47,å³,e,Tone 2,speaker008,loud,20,171.7074567,128.8679833,0,å³-speaker008-loud-Tone 2,8,0.01361973,-0.279186217,1.385862807,4.15481596,2.620179006,0.334,142.8702036,0.217391304
48,åº,i,Tone 3,speaker008,loud,20,149.42453,113.4882747,0,åº-speaker008-loud-Tone 3,10,0.01361973,-0.279186217,1.592242674,2.990855764,2.069232244,0.481,128.03104,0.782608696
49,æ¹,o,Tone 3,speaker008,loud,20,145.0103309,109.4636112,0,æ¹-speaker008-loud-Tone 3,9,0.005364337,-0.085249935,1.970785513,3.198445758,1.925056864,0.416,125.7912473,0.260869565
50,æ,a,Tone 2,speaker008,loud,40,184.4525672,115.5648919,0,æ-speaker008-loud-Tone 2,13,0.01361973,-0.279186217,1.564376607,2.255795584,2.143622829,0.354,145.986001,0.043478261
51,æ ,u,Tone 2,speaker008,loud,20,195.3008148,132.6341459,0,æ -speaker008-loud-Tone 2,1,0.005364337,-0.085249935,1.659860774,5,2.755094117,0.449,151.4347048,0.130434783
52,é±¼,y,Tone 2,speaker008,loud,20,188.3582793,145.4990923,0,é±¼-speaker008-loud-Tone 2,12,0.005364337,-0.085249935,1.487226429,4.751297794,3.215954641,0.413,155.034475,0.043478261
53,æ,i,Tone 2,speaker008,loud,20,185.8350386,149.6654473,0,æ-speaker008-loud-Tone 2,5,0.01361973,-0.279186217,1.106782236,4.567791805,3.36520583,0.348,164.1790465,0.043478261
54,äº,u,Tone 3,speaker008,loud,20,185.5016397,135.6881959,0,äº-speaker008-loud-Tone 3,12,0.005364337,-0.085249935,1.618878565,4.648964494,2.864499243,0.479,152.1086035,0.608695652
55,æ,a,Tone 3,speaker008,loud,20,168.6239117,113.0426779,0,æ-speaker008-loud-Tone 3,9,0.01361973,-0.279186217,1.598222124,3.465503286,2.053269645,0.469,133.4727723,0.739130435
56,é¨,y,Tone 3,speaker008,loud,20,168.6297622,126.6950936,0,é¨-speaker008-loud-Tone 3,9,0.005364337,-0.085249935,1.739556746,4.044563818,2.542339654,0.417,141.4917697,0.434782609
57,æ¸´,e,Tone 3,speaker008,loud,20,181.0331712,106.6288293,0,æ¸´-speaker008-loud-Tone 3,9,0.005364337,-0.085249935,2.008825369,3.120412629,1.823506572,0.421,128.9195502,0.434782609
58,ç£¨,o,Tone 2,speaker008,loud,20,184.9603093,133.746685,0,ç£¨-speaker008-loud-Tone 2,10,0.005364337,-0.085249935,1.644931644,4.629572434,2.794948566,0.445,148.5536524,0.043478261
59,å³,e,Tone 2,speaker009,loud,20,372.4116857,246.1114592,0,å³-speaker009-loud-Tone 2,9,0.00401111,0.00324491,-0.234027138,3.977042314,1.916061473,0.301,286.8518596,0.043478261
60,åº,i,Tone 3,speaker009,loud,20,295.0104267,195.3721969,0,åº-speaker009-loud-Tone 3,13,0.00401111,0.00324491,0.446841562,2.714000146,1.088092669,0.509,244.5768289,0.869565217
61,æ,a,Tone 2,speaker009,loud,20,390.2778408,238.2058511,0,æ-speaker009-loud-Tone 2,8,0.005364337,-0.085249935,0.243197101,3.945625485,1.787056899,0.398,290.305989,0.043478261
62,ç£¨,o,Tone 2,speaker009,loud,20,378.9930216,233.2786643,0,ç£¨-speaker009-loud-Tone 2,9,0.00401111,0.00324491,-0.061824233,4.08443727,1.706654529,0.463,276.626444,0.043478261
63,é¨,y,Tone 3,speaker009,loud,20,322.2628718,202.5818138,0,é¨-speaker009-loud-Tone 3,13,0.00401111,0.00324491,0.35009592,3.158708511,1.205739982,0.516,256.0259979,0.695652174
64,äº,u,Tone 3,speaker009,loud,20,352.0590321,209.6682783,0,äº-speaker009-loud-Tone 3,13,0.00401111,0.00324491,0.255002857,3.644925498,1.321377681,0.544,263.9617608,0.565217391
65,æ,a,Tone 3,speaker009,loud,20,331.0370153,200.0867349,0,æ-speaker009-loud-Tone 3,12,0.00401111,0.00324491,0.383577312,3.30188594,1.165025013,0.529,249.5574145,0.652173913
66,æ,i,Tone 2,speaker009,loud,20,397.131016,258.2190371,0,æ-speaker009-loud-Tone 2,6,0.00401111,0.00324491,-0.396498378,4.154012756,2.113634247,0.446,311.4401738,0.043478261
67,æ ,u,Tone 2,speaker009,loud,20,424.6711307,259.6088691,0,æ -speaker009-loud-Tone 2,6,0.00401111,0.00324491,-0.415148493,4.772247047,2.136313677,0.403,327.1131729,0.043478261
68,æ¸´,e,Tone 3,speaker009,loud,20,370.7499675,199.5407208,0,æ¸´-speaker009-loud-Tone 3,13,0.00401111,0.00324491,0.39090426,2.941230737,1.156115095,0.498,258.9207687,0.739130435
69,é±¼,y,Tone 2,speaker009,loud,20,435.1001808,253.9663735,0,é±¼-speaker009-loud-Tone 2,1,0.00401111,0.00324491,-0.339432007,4.997279411,2.044238819,0.452,324.0186602,0.086956522
70,æ¹,o,Tone 3,speaker009,loud,20,316.1062405,197.1497613,0,æ¹-speaker009-loud-Tone 3,14,0.00401111,0.00324491,0.422988476,3.058243932,1.117099158,0.586,239.3918846,0.52173913
71,æ,a,Tone 2,speaker011,loud,20,305.480203,196.9567958,0,æ-speaker011-loud-Tone 2,10,0.007531449,-0.082714379,0.874441281,3.773827532,1.983009099,0.33,230.8166944,0.173913043
72,æ¹,o,Tone 3,speaker011,loud,20,270.7339747,151.3761113,0,æ¹-speaker011-loud-Tone 3,12,0.007531449,-0.082714379,1.486087174,2.712688844,1.230851273,0.52,201.5938795,0.608695652
73,æ,i,Tone 2,speaker011,loud,20,285.5543079,197.6393983,0,æ-speaker011-loud-Tone 2,7,0.007531449,-0.082714379,0.865281458,3.442952671,1.994273186,0.337,229.1950221,0.086956522
74,æ,a,Tone 3,speaker011,loud,20,274.976374,150.7044222,0,æ-speaker011-loud-Tone 3,12,0.007531449,-0.082714379,1.495100551,3.017685849,1.219767275,0.507,204.4502359,0.782608696
75,å³,e,Tone 2,speaker011,loud,20,283.226208,188.7504861,0,å³-speaker011-loud-Tone 2,12,0.007531449,-0.082714379,0.984561515,3.406599249,1.84759121,0.322,213.1757814,0
76,æ ,u,Tone 2,speaker011,loud,20,379.7861246,246.473512,0,æ -speaker011-loud-Tone 2,8,0.007531449,-0.082714379,0.209977892,4.966758107,2.800118056,0.402,296.343287,0.043478261
77,ç£¨,o,Tone 2,speaker011,loud,20,357.7195018,234.6571247,0,ç£¨-speaker011-loud-Tone 2,10,0.007531449,-0.082714379,0.368541653,4.635863673,2.605127825,0.421,271.2231256,0.043478261
78,æ¸´,e,Tone 3,speaker011,loud,20,295.9280534,163.3411481,0,æ¸´-speaker011-loud-Tone 3,11,0.007531449,-0.082714379,1.32552869,3.616201025,1.42829447,0.466,224.2481295,0.739130435
79,åº,i,Tone 3,speaker011,loud,20,306.9546196,177.3225181,0,åº-speaker011-loud-Tone 3,12,0.007531449,-0.082714379,1.137913088,3.798157881,1.65901055,0.556,234.3665387,0.826086957
80,é±¼,y,Tone 2,speaker011,loud,20,367.0959448,197.1063461,0,é±¼-speaker011-loud-Tone 2,1,0.007531449,-0.082714379,0.87243447,4.6777412,1.98547693,0.395,272.8051494,0.043478261
81,é¨,y,Tone 3,speaker011,loud,20,303.7488824,192.2200813,0,é¨-speaker011-loud-Tone 3,12,0.007531449,-0.082714379,0.938003117,3.745257835,1.904845356,0.556,241.9895212,0.913043478
82,äº,u,Tone 3,speaker011,loud,20,291.1571274,189.3927925,0,äº-speaker011-loud-Tone 3,13,0.007531449,-0.082714379,0.975942424,3.537472735,1.858190344,0.535,234.5625431,0.869565217
83,ç£¨,o,Tone 2,speaker013,loud,20,225.323432,131.3853653,0,ç£¨-Speaker013-loud-Tone 2,9,0.005542185,-0.093890355,1.089966223,3.978000361,1.597904175,0.427,158.014822,0
84,æ ,u,Tone 2,speaker013,loud,20,242.9064914,135.5296978,0,æ -Speaker013-loud-Tone 2,1,0.005542185,-0.093890355,1.034353544,4.423499976,1.702908571,0.433,173.7688137,0.043478261
85,äº,u,Tone 3,speaker013,loud,20,224.3774541,144.8211489,0,äº-Speaker013-loud-Tone 3,12,0.005542185,-0.093890355,0.909671829,2.740391215,1.938324821,0.699,172.2687454,0.913043478
86,æ,a,Tone 2,speaker013,loud,20,234.3287701,142.0087486,0,æ-Speaker013-loud-Tone 2,1,0.011498732,-0.204874096,1.298501576,4.135367221,1.867067412,0.369,171.3101511,0.086956522
87,æ¸´,e,Tone 3,speaker013,loud,20,205.6621954,121.2249208,0,æ¸´-Speaker013-loud-Tone 3,10,0.005542185,-0.093890355,1.226308935,2.046561301,1.340470357,0.613,149.7475998,0.826086957
88,åº,i,Tone 3,speaker013,loud,20,183.8200324,108.9067275,0,åº-Speaker013-loud-Tone 3,10,0.011498732,-0.204874096,1.742696645,1.028365947,1.028365947,0.671,139.8979969,0.913043478
89,æ¹,o,Tone 3,speaker013,loud,20,181.4790225,118.2093439,0,æ¹-Speaker013-loud-Tone 3,12,0.005542185,-0.093890355,1.266774875,2.166381769,1.26406509,0.659,145.6698612,0.739130435
90,å³,e,Tone 2,speaker013,loud,20,239.9292678,144.7333129,0,å³-Speaker013-loud-Tone 2,1,0.011498732,-0.204874096,1.261940726,4.020408185,1.936099332,0.305,178.8358395,0.043478261
91,é±¼,y,Tone 2,speaker013,loud,20,250.4895215,142.7780099,0,é±¼-Speaker013-loud-Tone 2,6,0.005542185,-0.093890355,0.937088653,4.596729341,1.886558082,0.39,188.298156,0.086956522
92,æ,a,Tone 3,speaker013,loud,20,179.6294466,111.5315999,0,æ-Speaker013-loud-Tone 3,9,0.011498732,-0.204874096,1.707473558,1.829410989,1.094871986,0.594,145.1621572,0.956521739
93,é¨,y,Tone 3,speaker013,loud,20,215.223261,143.1313618,0,é¨-Speaker013-loud-Tone 3,12,0.005542185,-0.093890355,0.932347034,2.854971162,1.895510912,0.711,169.5904048,0.956521739
94,æ,i,Tone 2,speaker013,loud,20,265.6598986,146.6260854,0,æ-Speaker013-loud-Tone 2,1,0.011498732,-0.204874096,1.236541667,4.957920422,1.984056254,0.364,186.6450199,0.086956522
95,æ,a,Tone 2,speaker014,loud,20,242.4827469,133.2848358,0,æ-Speaker014-loud-Tone 2,1,0.005542185,-0.093890355,1.064477283,4.96995154,2.003322264,0.29,174.4631028,0.043478261
96,äº,u,Tone 3,speaker014,loud,20,176.3467775,109.6953254,0,äº-Speaker014-loud-Tone 3,12,0.008699507,-0.171134143,0.993154872,3.185055144,1.355964088,0.418,130.7033701,0.695652174
97,å³,e,Tone 2,speaker014,loud,20,214.0391634,145.5055137,0,å³-Speaker014-loud-Tone 2,7,0.008699507,-0.171134143,0.512618986,3.816857475,2.338689791,0.275,170.9470218,0.043478261
98,ç£¨,o,Tone 2,speaker014,loud,20,209.2994338,124.4276764,0,ç£¨-Speaker014-loud-Tone 2,4,0.008699507,-0.171134143,0.795461878,4.058327734,1.760258527,0.34,161.6473953,0.043478261
99,æ,i,Tone 2,speaker014,loud,20,200.57532,129.3291869,0,æ-Speaker014-loud-Tone 2,4,0.008699507,-0.171134143,0.72968865,3.715883058,1.89476886,0.352,160.8722787,0.086956522
100,æ¸´,e,Tone 3,speaker014,loud,20,172.8084045,102.0636048,0,æ¸´-Speaker014-loud-Tone 3,10,0.008699507,-0.171134143,1.095564711,2.86481181,1.146529613,0.396,127.7827571,0.695652174
101,åº,i,Tone 3,speaker014,loud,20,179.9274504,105.8749456,0,åº-Speaker014-loud-Tone 3,12,0.008699507,-0.171134143,1.044420439,3.283318221,1.251122823,0.42,133.8613792,0.826086957
102,æ ,u,Tone 2,speaker014,loud,20,220.6059701,132.2656567,0,æ -Speaker014-loud-Tone 2,3,0.008699507,-0.171134143,0.690284246,4.114659004,1.975353311,0.376,173.0286075,0.043478261
103,æ,a,Tone 3,speaker014,loud,20,173.8520513,100.9587511,0,æ-Speaker014-loud-Tone 3,10,0.008699507,-0.171134143,1.110390711,2.695906774,1.116209523,0.407,123.8297818,0.391304348
104,æ¹,o,Tone 3,speaker014,loud,20,170.7698721,103.1978939,0,æ¹-Speaker014-loud-Tone 3,12,0.008699507,-0.171134143,1.080343719,3.0320102,1.177657487,0.419,125.7315523,0.652173913
105,é±¼,y,Tone 2,speaker014,loud,20,224.7496261,130.6642104,0,é±¼-Speaker014-loud-Tone 2,1,0.008699507,-0.171134143,0.711774008,4.513356549,1.931405414,0.354,171.1028961,0.086956522
106,é¨,y,Tone 3,speaker014,loud,20,175.1276835,107.002224,0,é¨-Speaker014-loud-Tone 3,11,0.008699507,-0.171134143,1.029293523,3.1516,1.282058306,0.472,132.3867671,0.695652174
107,æ,a,Tone 2,speaker018,loud,20,196.2052742,101.3569515,0,æ-Speaker018-loud-Tone 2,1,0.002780042,-0.026076429,1.536430886,2.885984553,0.731312329,0.28,140.3336456,0.130434783
108,é¨,y,Tone 3,speaker018,loud,20,154.1789177,86.25799457,0,é¨-Speaker018-loud-Tone 3,11,0.007184905,-0.162558023,1.613870786,2.016735226,0.363879112,0.389,111.6676499,0.739130435
109,åº,i,Tone 3,speaker018,loud,20,140.4159976,82.17506304,0,åº-Speaker018-loud-Tone 3,12,0.002780042,-0.026076429,1.793832095,1.681814474,0.264520946,0.413,108.3927483,0.826086957
110,æ¹,o,Tone 3,speaker018,loud,20,143.7942772,83.49256679,0,æ¹-Speaker018-loud-Tone 3,11,0.007184905,-0.162558023,1.650979981,1.740152384,0.296582408,0.454,109.4122267,0.695652174
111,äº,u,Tone 3,speaker018,loud,20,145.1613217,85.14895836,0,äº-Speaker018-loud-Tone 3,12,0.007184905,-0.162558023,1.628752911,1.797291967,0.336890708,0.424,109.322801,0.739130435
112,é±¼,y,Tone 2,speaker018,loud,20,276.7704099,106.6408111,0,é±¼-Speaker018-loud-Tone 2,3,0.007184905,-0.162558023,1.340354357,2.810688166,0.859895087,0.304,167.1164652,0.043478261
113,å³,e,Tone 2,speaker018,loud,20,189.4325597,124.4364769,0,å³-Speaker018-loud-Tone 2,4,0.002780042,-0.026076429,1.226727399,2.391938196,1.292952732,0.214,153.4020388,0
114,æ ,u,Tone 2,speaker018,loud,20,195.6394577,108.0362748,0,æ -Speaker018-loud-Tone 2,7,0.007184905,-0.162558023,1.32162867,2.794604664,0.893853705,0.273,141.8088386,0
115,æ,a,Tone 3,speaker018,loud,20,154.2976963,86.49753602,0,æ-Speaker018-loud-Tone 3,13,0.002780042,-0.026076429,1.735828955,1.64173803,0.369708355,0.402,110.7363767,0.652173913
116,ç£¨,o,Tone 2,speaker018,loud,20,194.1108443,102.8736014,0,ç£¨-Speaker018-loud-Tone 2,1,0.007184905,-0.162558023,1.390906436,2.988478924,0.768220014,0.27,143.2598828,0
117,æ¸´,e,Tone 3,speaker018,loud,20,150.6415556,86.99043669,0,æ¸´-Speaker018-loud-Tone 3,10,0.007184905,-0.162558023,1.604042166,1.237366861,0.381703096,0.348,108.0393579,0.695652174
118,æ,i,Tone 2,speaker018,loud,20,199.9012698,111.1650219,0,æ-Speaker018-loud-Tone 2,1,0.002780042,-0.026076429,1.404816672,3.099187381,0.969991787,0.249,150.5019379,0.043478261
119,æ¹,o,Tone 3,speaker019,loud,20,237.5101023,178.3669437,0,æ¹-Speaker019-loud-Tone 3,12,0.006571484,-0.064138306,0.302437168,2.900241612,1.986851384,0.43,200.372438,0.47826087
120,æ¸´,e,Tone 3,speaker019,loud,20,245.5889279,173.2456441,0,æ¸´-Speaker019-loud-Tone 3,10,0.006571484,-0.064138306,0.37115974,3.244496978,1.873291626,0.397,201.8932966,0.347826087
121,æ,a,Tone 2,speaker019,loud,20,268.1356526,202.5008147,0,æ-Speaker019-loud-Tone 2,9,0.007184905,-0.162558023,0.054011728,3.96509524,2.521996126,0.379,223.3991327,0
122,é±¼,y,Tone 2,speaker019,loud,20,314.2534324,223.4458028,0,é±¼-Speaker019-loud-Tone 2,13,0.006571484,-0.064138306,-0.302474745,5,2.986430542,0.377,244.1297948,0.043478261
123,åº,i,Tone 3,speaker019,loud,20,278.4502891,173.6047418,0,åº-Speaker019-loud-Tone 3,10,0.006571484,-0.064138306,0.366341018,3.392345389,1.881254262,0.407,208.1888237,0.565217391
124,æ,a,Tone 3,speaker019,loud,20,247.0637318,140.7659266,0,æ-Speaker019-loud-Tone 3,11,0.006571484,-0.064138306,0.807004134,2.718223532,1.153085984,0.452,186.2763036,0.782608696
125,ç£¨,o,Tone 2,speaker019,loud,20,278.3755699,210.9599402,0,ç£¨-Speaker019-loud-Tone 2,1,0.006571484,-0.064138306,-0.134927314,4.20444385,2.709568876,0.389,225.2968296,0.043478261
126,é¨,y,Tone 3,speaker019,loud,20,265.7612972,176.4097025,0,é¨-Speaker019-loud-Tone 3,13,0.006571484,-0.064138306,0.328701331,3.924734818,1.943451494,0.549,210.327173,0.608695652
127,å³,e,Tone 2,speaker019,loud,20,269.3623264,210.2416567,0,å³-Speaker019-loud-Tone 2,12,0.006571484,-0.064138306,-0.125288688,4.004584082,2.693641649,0.348,225.7529447,0
128,æ ,u,Tone 2,speaker019,loud,20,266.4471271,221.7234973,0,æ -Speaker019-loud-Tone 2,7,0.006571484,-0.064138306,-0.279363177,3.830550066,2.948240119,0.378,238.2202812,0.086956522
129,æ,i,Tone 2,speaker019,loud,20,291.4622437,220.1328239,0,æ-Speaker019-loud-Tone 2,8,0.006571484,-0.064138306,-0.258017976,4.494627911,2.912968508,0.377,242.5617266,0.086956522
130,äº,u,Tone 3,speaker019,loud,20,223.210982,181.4799607,0,äº-Speaker019-loud-Tone 3,13,0.006571484,-0.064138306,0.260663682,2.981223622,2.05587946,0.447,198.0477993,0.608695652
131,äº,u,Tone 3,speaker022,loud,20,268.0632548,192.2924269,0,äº-Speaker022-loud-Tone 3,10,0.006429356,-0.051767919,0.825122288,4.274522813,2.702885424,0.576,226.4213655,0.47826087
132,æ ,u,Tone 2,speaker022,loud,20,301.2287481,217.7764739,0,æ -Speaker022-loud-Tone 2,3,0.015819153,-0.369666358,1.079385701,4.669436121,3.231475149,0.553,257.9698616,0.173913043
133,æ¹,o,Tone 3,speaker022,loud,20,222.6724134,136.0083473,0,æ¹-Speaker022-loud-Tone 3,12,0.015819153,-0.369666358,2.905748821,3.333026653,1.535441879,0.537,191.2159729,0.739130435
134,é±¼,y,Tone 2,speaker022,loud,20,279.0056279,200.1664591,0,é±¼-Speaker022-loud-Tone 2,3,0.006429356,-0.051767919,0.649248844,4.475577657,2.866208483,0.509,236.4811078,0.086956522
135,æ¸´,e,Tone 3,speaker022,loud,20,252.9971,111.7404896,0,æ¸´-Speaker022-loud-Tone 3,10,0.015819153,-0.369666358,3.447792795,3.33167439,1.032078334,0.46,182.4986223,0.739130435
136,ç£¨,o,Tone 2,speaker022,loud,20,286.3997924,216.4225434,0,ç£¨-Speaker022-loud-Tone 2,1,0.015819153,-0.369666358,1.109626931,4.629807142,3.203391942,0.488,242.653551,0
137,æ,i,Tone 2,speaker022,loud,20,303.0395206,221.5829827,0,æ-Speaker022-loud-Tone 2,1,0.015819153,-0.369666358,0.994363974,5,3.310429698,0.479,259.3033184,0.217391304
138,å³,e,Tone 2,speaker022,loud,20,290.4706345,217.2111152,0,å³-Speaker022-loud-Tone 2,5,0.015819153,-0.369666358,1.092013485,4.60293793,3.219748487,0.479,251.2068061,0.043478261
139,é¨,y,Tone 3,speaker022,loud,20,255.5836495,172.3672239,0,é¨-Speaker022-loud-Tone 3,12,0.006429356,-0.051767919,1.270169245,3.870330485,2.289597158,0.633,209.8949042,0.826086957
140,åº,i,Tone 3,speaker022,loud,20,226.2719342,146.2880911,0,åº-Speaker022-loud-Tone 3,11,0.015819153,-0.369666358,2.67614169,2.895677548,1.748664172,0.592,187.6378565,0.913043478
141,æ,a,Tone 2,speaker022,loud,20,276.0149334,212.9738658,0,æ-Speaker022-loud-Tone 2,8,0.015819153,-0.369666358,1.186656182,4.439456413,3.131859523,0.512,233.3781614,0.086956522
142,æ,a,Tone 3,speaker022,loud,20,242.2093238,98.00938163,0,æ-Speaker022-loud-Tone 3,12,0.015819153,-0.369666358,3.754489184,3.09314384,0.747267896,0.578,179.998776,1
143,æ,a,Tone 3,speaker023,loud,20,129.4980166,95.64617389,0,æ-Speaker023-loud-Tone 3,10,0.006429356,-0.051767919,2.983801464,2.175342125,0.853615341,0.465,112.9173238,0.695652174
144,é±¼,y,Tone 2,speaker023,loud,20,186.1243765,117.1209812,0,é±¼-Speaker023-loud-Tone 2,1,0.017777038,-0.426905758,4.147938187,4.81683772,1.811625579,0.424,147.6951596,0.086956522
145,åº,i,Tone 3,speaker023,loud,20,164.7836183,123.471156,0,åº-Speaker023-loud-Tone 3,8,0.006429356,-0.051767919,2.362305984,3.088707552,2.09491252,0.453,141.4494415,0.608695652
146,æ¹,o,Tone 3,speaker023,loud,20,160.1283213,123.1209424,0,æ¹-Speaker023-loud-Tone 3,10,0.017777038,-0.426905758,4.01392377,3.365536902,2.079289181,0.456,136.3624625,0.304347826
147,å³,e,Tone 2,speaker023,loud,20,184.5038855,133.592678,0,å³-Speaker023-loud-Tone 2,7,0.006429356,-0.051767919,2.136232876,4.816737082,2.546442612,0.38,152.9840542,0
148,æ ,u,Tone 2,speaker023,loud,20,179.5333077,123.2714702,0,æ -Speaker023-loud-Tone 2,1,0.017777038,-0.426905758,4.010561599,4.095746722,2.086004359,0.448,146.8092186,0.173913043
149,æ,i,Tone 2,speaker023,loud,20,188.591748,126.8367532,0,æ-Speaker023-loud-Tone 2,5,0.006429356,-0.051767919,2.287132406,4.807355631,2.245054802,0.446,151.8678052,0.086956522
150,æ,a,Tone 2,speaker023,loud,20,183.2475658,120.5403685,0,æ-Speaker023-loud-Tone 2,7,0.006429356,-0.051767919,2.427767704,4.735734031,1.964167486,0.427,141.9002893,0.086956522
151,ç£¨,o,Tone 2,speaker023,loud,20,169.3647712,123.0206463,0,ç£¨-Speaker023-loud-Tone 2,1,0.017777038,-0.426905758,4.016163971,4.142267479,2.074814882,0.423,141.6709983,0
152,äº,u,Tone 3,speaker023,loud,20,145.2048593,105.6513577,0,äº-Speaker023-loud-Tone 3,12,0.017777038,-0.426905758,4.404122329,3.064472339,1.299955482,0.481,119.4623758,0.695652174
153,æ¸´,e,Tone 3,speaker023,loud,20,146.24678,103.3205712,0,æ¸´-Speaker023-loud-Tone 3,11,0.017777038,-0.426905758,4.456182498,2.953163465,1.195977025,0.484,119.9773575,0.695652174
154,é¨,y,Tone 3,speaker023,loud,20,155.8121542,98.59090783,0,é¨-Speaker023-loud-Tone 3,10,0.017777038,-0.426905758,4.561823695,2.958406739,0.984982539,0.525,123.7759982,0.826086957
155,é¨,y,Tone 3,speaker024,loud,20,200.6497608,150.3327712,0,é¨-Speaker024-loud-Tone 3,14,0.008099245,-0.057836014,1.011694786,2.906120713,1.690164883,0.559,165.172368,0.52173913
156,æ,a,Tone 3,speaker024,loud,20,204.7293033,112.4733867,0,æ-Speaker024-loud-Tone 3,9,0.008099245,-0.057836014,1.857317481,3.030455364,0.757337538,0.499,142.793085,0.347826087
157,å³,e,Tone 2,speaker024,loud,20,231.4587829,180.9526563,0,å³-Speaker024-loud-Tone 2,4,0.008099245,-0.057836014,0.327772686,3.098640228,2.444616296,0.313,209.1206031,0.043478261
158,æ ,u,Tone 2,speaker024,loud,20,253.6532917,140.7169219,0,æ -Speaker024-loud-Tone 2,1,0.008099245,-0.057836014,1.226473249,3.818000121,1.45323744,0.379,200.2372455,0.043478261
159,æ¸´,e,Tone 3,speaker024,loud,20,202.4086801,137.9452043,0,æ¸´-Speaker024-loud-Tone 3,11,0.008099245,-0.057836014,1.288382002,2.91515855,1.38494436,0.454,161.3272567,0.652173913
160,é±¼,y,Tone 2,speaker024,loud,20,254.05201,158.7594103,0,é±¼-Speaker024-loud-Tone 2,1,0.008099245,-0.057836014,0.82347838,3.900525835,1.897791063,0.304,208.8597807,0.043478261
161,äº,u,Tone 3,speaker024,loud,20,210.7375138,143.9148603,0,äº-Speaker024-loud-Tone 3,12,0.008099245,-0.057836014,1.155044478,3.178493244,1.532032287,0.541,163.3892665,0.652173913
162,ç£¨,o,Tone 2,speaker024,loud,20,265.0241827,149.9344624,0,ç£¨-Speaker024-loud-Tone 2,1,0.008099245,-0.057836014,1.020591364,4.516076776,1.680350848,0.337,209.4724892,0
163,åº,i,Tone 3,speaker024,loud,20,220.2019475,144.3101862,0,åº-Speaker024-loud-Tone 3,13,0.008099245,-0.057836014,1.146214526,3.411689919,1.541772826,0.487,168.85624,0.47826087
164,æ¹,o,Tone 3,speaker024,loud,20,231.7388048,144.9613429,0,æ¹-Speaker024-loud-Tone 3,13,0.008099245,-0.057836014,1.131670368,3.695949584,1.557816847,0.491,174.2085552,0.391304348
165,æ,a,Tone 2,speaker024,loud,20,261.5288845,147.0680342,0,æ-Speaker024-loud-Tone 2,1,0.017777038,-0.426905758,3.479044384,4.136950203,1.609724169,0.37,203.3392569,0
166,æ,i,Tone 2,speaker024,loud,20,284.6645111,152.2066093,0,æ-Speaker024-loud-Tone 2,1,0.008099245,-0.057836014,0.969840962,4.82043971,1.736334874,0.316,230.7694144,0.043478261
167,æ ,u,Tone 2,speaker025,loud,20,418.1796387,235.8073602,0,æ -Speaker025-loud-Tone 2,9,0.012435566,-0.260724756,0.136554206,4.841480635,2.277782657,0.478,298.4457217,0.043478261
168,äº,u,Tone 3,speaker025,loud,20,319.4684696,224.5744999,0,äº-Speaker025-loud-Tone 3,13,0.012435566,-0.260724756,0.387450033,3.453848552,2.119876743,0.704,264.1577061,0.956521739
169,æ,a,Tone 2,speaker025,loud,20,415.1596069,268.7528886,0,æ-Speaker025-loud-Tone 2,1,0.012435566,-0.260724756,-0.599313186,4.684735901,2.740914363,0.403,320.1181917,0
170,åº,i,Tone 3,speaker025,loud,20,337.2801695,204.4832252,0,åº-Speaker025-loud-Tone 3,11,0.012435566,-0.260724756,0.836206348,3.39148619,1.837443685,0.694,262.3277208,0.956521739
171,å³,e,Tone 2,speaker025,loud,20,409.288596,283.6122943,0,å³-Speaker025-loud-Tone 2,7,0.012435566,-0.260724756,-0.931211099,4.557870833,2.949800432,0.436,332.478211,0.086956522
172,é±¼,y,Tone 2,speaker025,loud,20,423.7350659,261.4943033,0,é±¼-Speaker025-loud-Tone 2,4,0.012435566,-0.260724756,-0.43718629,4.803162455,2.638876813,0.449,332.1846559,0.086956522
173,é¨,y,Tone 3,speaker025,loud,20,345.1655163,247.4016909,0,é¨-Speaker025-loud-Tone 3,12,0.012435566,-0.260724756,-0.122415381,3.626229326,2.44076994,0.744,287.980618,0.913043478
174,ç£¨,o,Tone 2,speaker025,loud,20,429.4561377,228.9785994,0,ç£¨-Speaker025-loud-Tone 2,1,0.012435566,-0.260724756,0.289080592,5,2.181787364,0.504,310.0775687,0.043478261
175,æ¸´,e,Tone 3,speaker025,loud,20,390.5558684,238.9507335,0,æ¸´-Speaker025-loud-Tone 3,10,0.012435566,-0.260724756,0.066344195,3.666232522,2.321970621,0.621,287.8707765,0.739130435
176,æ¹,o,Tone 3,speaker025,loud,20,353.4171674,232.3967585,0,æ¹-Speaker025-loud-Tone 3,12,0.012435566,-0.260724756,0.212732999,3.931082311,2.229838129,0.635,280.1650323,0.608695652
177,æ,a,Tone 3,speaker025,loud,20,371.2856125,239.9338098,0,æ-Speaker025-loud-Tone 3,12,0.012435566,-0.260724756,0.04438632,4.00871292,2.335790215,0.662,295.7074456,0.826086957
178,æ,a,Tone 2,speaker026,loud,20,312.561906,196.1281061,0,æ-Speaker026-loud-Tone 2,10,0.011856183,-0.246988743,1.1545343,4.081437656,1.502075748,0.32,230.5565309,0
179,å³,e,Tone 2,speaker026,loud,20,309.3372601,218.3894743,0,å³-Speaker026-loud-Tone 2,6,0.011856183,-0.246988743,0.657307036,4.010001966,1.99523259,0.328,245.9677352,0
180,æ¸´,e,Tone 3,speaker026,loud,20,287.2848633,185.5114138,0,æ¸´-Speaker026-loud-Tone 3,10,0.011856183,-0.246988743,1.391667472,3.129978895,1.266883804,0.385,223.1684993,0.565217391
181,æ ,u,Tone 2,speaker026,loud,20,344.9874362,204.8315445,0,æ -Speaker026-loud-Tone 2,1,0.011856183,-0.246988743,0.960135338,4.799761523,1.694883313,0.388,249.7841921,0.043478261
182,ç£¨,o,Tone 2,speaker026,loud,20,326.2543447,179.943852,0,ç£¨-Speaker026-loud-Tone 2,1,0.011856183,-0.246988743,1.516023869,4.384766713,1.143545419,0.295,244.7220978,0
183,æ,i,Tone 2,speaker026,loud,20,324.1977776,198.0373455,0,æ-Speaker026-loud-Tone 2,1,0.011856183,-0.246988743,1.111889756,4.339207513,1.544371193,0.383,260.9240557,0.043478261
184,é¨,y,Tone 3,speaker026,loud,20,299.0660488,207.4439261,0,é¨-Speaker026-loud-Tone 3,12,0.011856183,-0.246988743,0.901785494,3.297562658,1.752755491,0.526,244.215296,0.739130435
185,åº,i,Tone 3,speaker026,loud,20,283.1199099,221.5844429,0,åº-Speaker026-loud-Tone 3,12,0.011856183,-0.246988743,0.585944598,2.986862056,2.066010838,0.452,252.8950517,0.652173913
186,æ,a,Tone 3,speaker026,loud,20,262.0712957,194.427401,0,æ-Speaker026-loud-Tone 3,12,0.011856183,-0.246988743,1.192521046,2.732684459,1.46439997,0.425,225.9702356,0.565217391
187,äº,u,Tone 3,speaker026,loud,20,288.0326047,206.7330744,0,äº-Speaker026-loud-Tone 3,13,0.011856183,-0.246988743,0.917662993,3.538039214,1.737007969,0.459,240.561041,0.695652174
188,é±¼,y,Tone 2,speaker026,loud,20,354.02631,214.1735288,0,é±¼-Speaker026-loud-Tone 2,1,0.011856183,-0.246988743,0.751473891,4.907315546,1.901836607,0.393,269.0457885,0
189,æ¹,o,Tone 3,speaker026,loud,20,299.0404121,195.9995265,0,æ¹-Speaker026-loud-Tone 3,13,0.011856183,-0.246988743,1.157406238,2.99060019,1.499227319,0.457,232.2675691,0.47826087
190,ç£¨,o,Tone 2,speaker027,loud,20,187.3004543,123.2229809,0,ç£¨-Speaker027-loud-Tone 2,3,0.011244238,-0.275369808,2.493670325,4.245509852,2.144286706,0.394,155.3248642,0
191,æ ,u,Tone 2,speaker027,loud,20,186.2502557,111.6940904,0,æ -Speaker027-loud-Tone 2,8,0.011244238,-0.275369808,2.751178248,4.240682711,1.760815898,0.445,138.9566949,0.086956522
192,åº,i,Tone 3,speaker027,loud,20,166.1248216,121.5308158,0,åº-Speaker027-loud-Tone 3,1,0.011244238,-0.275369808,2.531466323,3.160245124,2.088002372,0.445,148.362707,0.304347826
193,æ¹,o,Tone 3,speaker027,loud,20,137.7827482,104.5044869,0,æ¹-Speaker027-loud-Tone 3,12,0.011244238,-0.275369808,2.911764374,2.62856971,1.52167727,0.55,121.7845213,0.608695652
194,æ,i,Tone 2,speaker027,loud,20,209.0788145,146.0164764,0,æ-Speaker027-loud-Tone 2,1,0.011244238,-0.275369808,1.984557529,4.715057984,2.902437729,0.375,178.5241064,0.130434783
195,å³,e,Tone 2,speaker027,loud,20,207.1273963,136.5882569,0,å³-Speaker027-loud-Tone 2,4,0.011244238,-0.275369808,2.195145115,3.704685008,2.588838867,0.358,160.834308,0
196,é¨,y,Tone 3,speaker027,loud,20,149.2261966,100.0819231,0,é¨-Speaker027-loud-Tone 3,12,0.007824557,-0.189586357,2.536107839,1.967484425,1.37457516,0.613,117.5739786,0.956521739
197,é±¼,y,Tone 2,speaker027,loud,20,177.7551137,119.5493449,0,é±¼-Speaker027-loud-Tone 2,6,0.007824557,-0.189586357,2.101285829,3.749014362,2.022095228,0.485,143.7817071,0.130434783
198,æ¸´,e,Tone 3,speaker027,loud,20,134.7167004,108.750548,0,æ¸´-Speaker027-loud-Tone 3,9,0.011244238,-0.275369808,2.81692486,2.526587665,1.662908594,0.36,119.9514853,0.52173913
199,äº,u,Tone 3,speaker027,loud,20,137.8051841,110.9850529,0,äº-Speaker027-loud-Tone 3,9,0.007824557,-0.189586357,2.292576833,2.248810891,1.737232086,0.514,123.0996182,0.782608696
200,æ,a,Tone 2,speaker027,loud,20,168.579529,114.3593297,0,æ-Speaker027-loud-Tone 2,1,0.011244238,-0.275369808,2.691647781,3.652923824,1.84946636,0.326,145.0889517,0.086956522
201,æ,a,Tone 3,speaker027,loud,20,159.6416954,103.5073771,0,æ-Speaker027-loud-Tone 3,10,0.011244238,-0.275369808,2.934035699,2.395528818,1.488511676,0.426,122.8491151,0.739130435
202,å³,e,Tone 2,speaker031,loud,20,119.3325631,96.05979653,0,å³-Speaker031-loud-Tone 2,1,0.004437234,-0.071549637,1.699388118,3.051258592,1.309500137,0.291,107.7092752,0.086956522
203,æ ,u,Tone 2,speaker031,loud,20,140.0257687,110.5264866,0,æ -Speaker031-loud-Tone 2,5,0.004437234,-0.071549637,1.376261855,4.619320795,2.398573056,0.341,123.1664638,0.130434783
204,æ,i,Tone 2,speaker031,loud,20,145.0825174,105.7712127,0,æ-Speaker031-loud-Tone 2,8,0.004437234,-0.071549637,1.482475085,5,2.040589301,0.34,119.0324523,0.130434783
205,æ,a,Tone 3,speaker031,loud,20,122.5270089,89.71140822,0,æ-Speaker031-loud-Tone 3,7,0.004437234,-0.071549637,1.841184962,1.734193349,0.831584473,0.351,97.49555217,0.347826087
206,é±¼,y,Tone 2,speaker031,loud,20,135.9442347,99.92702365,0,é±¼-Speaker031-loud-Tone 2,1,0.004437234,-0.071549637,1.613010195,3.814270054,1.600630472,0.356,116.8342495,0.043478261
207,æ¹,o,Tone 3,speaker031,loud,20,107.1874737,84.06212419,0,æ¹-Speaker031-loud-Tone 3,4,0.004437234,-0.071549637,1.967366696,1.634632682,0.406298369,0.382,93.9281182,0.391304348
208,æ¸´,e,Tone 3,speaker031,loud,20,102.3063792,78.66506355,0,æ¸´-Speaker031-loud-Tone 3,9,0.004437234,-0.071549637,2.087914799,1.627130445,0,0.332,93.22151174,0.652173913
209,æ,a,Tone 2,speaker031,loud,20,135.8611684,97.02845368,0,æ-Speaker031-loud-Tone 2,10,0.004437234,-0.071549637,1.677752308,4.305803786,1.382422019,0.348,107.5521436,0
210,é¨,y,Tone 3,speaker031,loud,20,121.6435593,95.56377143,0,é¨-Speaker031-loud-Tone 3,9,0.004437234,-0.071549637,1.710467276,3.235482035,1.272158665,0.412,104.3702442,0.47826087
211,åº,i,Tone 3,speaker031,loud,20,108.9992804,79.84128846,0,åº-Speaker031-loud-Tone 3,11,0.004437234,-0.071549637,2.06164278,1.960881819,0.088547877,0.446,94.14852425,0.869565217
212,ç£¨,o,Tone 2,speaker031,loud,20,120.8623353,84.8129305,0,ç£¨-Speaker031-loud-Tone 2,5,0.004437234,-0.071549637,1.950596776,2.835723215,0.462820132,0.355,100.4726767,0.130434783
213,äº,u,Tone 3,speaker031,loud,20,104.2405697,81.03686411,0,äº-Speaker031-loud-Tone 3,11,0.004437234,-0.071549637,2.034938544,1.63552878,0.178552506,0.474,92.19963698,0.826086957
214,åº,i,Tone 3,speaker032,loud,20,260.0357571,185.7954584,0,åº-Speaker032-loud-Tone 3,8,0.007047994,-0.122852578,0.150495521,3.295099032,1.720859592,0.401,218.6272498,0.260869565
215,æ,a,Tone 3,speaker032,loud,20,225.1345491,160.8739766,0,æ-Speaker032-loud-Tone 3,8,0.007047994,-0.122852578,0.707138765,2.405723533,1.089729305,0.355,188.4589558,0.260869565
216,å³,e,Tone 2,speaker032,loud,20,293.4776574,196.7127195,0,å³-Speaker032-loud-Tone 2,1,0.007047994,-0.122852578,-0.09335112,3.797170378,1.997336496,0.285,244.6634587,0
217,æ ,u,Tone 2,speaker032,loud,20,300.3163933,202.3114613,0,æ -Speaker032-loud-Tone 2,3,0.007047994,-0.122852578,-0.218403949,4.260032732,2.139123231,0.3,250.9470041,0.043478261
218,äº,u,Tone 3,speaker032,loud,20,244.3124657,196.3955396,0,äº-Speaker032-loud-Tone 3,8,0.013958497,-0.469777545,0.616135604,2.609066751,1.989303995,0.368,215.7530099,0.173913043
219,æ,i,Tone 2,speaker032,loud,20,305.5577706,190.7996927,0,æ-Speaker032-loud-Tone 2,4,0.007047994,-0.122852578,0.038721541,4.753810164,1.847590573,0.262,243.4306599,0
220,æ¸´,e,Tone 3,speaker032,loud,20,211.3313996,162.0883852,0,æ¸´-Speaker032-loud-Tone 3,8,0.007047994,-0.122852578,0.68001388,1.973997521,1.120483899,0.337,184.7704499,0.52173913
221,é±¼,y,Tone 2,speaker032,loud,20,315.2790843,184.5684894,0,é±¼-Speaker032-loud-Tone 2,1,0.013958497,-0.469777545,0.880303186,5,1.68978691,0.24,228.870205,0.043478261
222,æ¹,o,Tone 3,speaker032,loud,20,275.4636592,199.4762954,0,æ¹-Speaker032-loud-Tone 3,1,0.007047994,-0.122852578,-0.155078022,3.349570461,2.067323364,0.34,235.8896721,0
223,æ,a,Tone 2,speaker032,loud,20,282.8948154,178.1383501,0,æ-Speaker032-loud-Tone 2,8,0.007047994,-0.122852578,0.321523779,4.179876498,1.526945242,0.302,216.6176797,0
224,ç£¨,o,Tone 2,speaker032,loud,20,270.7874925,181.7093747,0,ç£¨-Speaker032-loud-Tone 2,4,0.007047994,-0.122852578,0.241761799,3.763545513,1.617380546,0.303,221.4943691,0
225,é¨,y,Tone 3,speaker032,loud,20,240.1190529,183.5001758,0,é¨-Speaker032-loud-Tone 3,10,0.013958497,-0.469777545,0.904164911,3.096591022,1.662732135,0.447,207.7956414,0.652173913
226,äº,u,Tone 3,speaker033,loud,20,267.9356329,67.5446922,0,äº-Speaker033-loud-Tone 3,6,0.007319487,-0.143243322,2.731231956,3.338821144,0,0.396,158.1837779,0.434782609
227,å³,e,Tone 2,speaker033,loud,20,298.6852321,177.0147016,0,å³-Speaker033-loud-Tone 2,6,0.013958497,-0.469777545,1.049023689,4.075657924,1.930264208,0.244,222.1325342,0.086956522
228,æ,i,Tone 2,speaker033,loud,20,322.1230793,145.5964042,0,æ-Speaker033-loud-Tone 2,1,0.013958497,-0.469777545,1.750779031,4.488933102,1.376271245,0.33,235.4772603,0.086956522
229,æ¹,o,Tone 3,speaker033,loud,20,237.6371718,131.0406674,0,æ¹-Speaker033-loud-Tone 3,8,0.007319487,-0.143243322,1.312993429,2.713558001,1.119612659,0.372,174.866761,0.52173913
230,æ,a,Tone 2,speaker033,loud,20,324.0827554,167.3910532,0,æ-Speaker033-loud-Tone 2,6,0.013958497,-0.469777545,1.263976352,4.098508292,1.760572216,0.305,229.4223803,0
231,é¨,y,Tone 3,speaker033,loud,20,242.8554645,142.5257761,0,é¨-Speaker033-loud-Tone 3,11,0.007319487,-0.143243322,1.056463411,3.091222071,1.322127433,0.529,179.4370751,0.695652174
232,ç£¨,o,Tone 2,speaker033,loud,20,335.1051657,169.8225825,0,ç£¨-Speaker033-loud-Tone 2,4,0.007319487,-0.143243322,0.4467652,4.327256564,1.803446917,0.322,241.6335489,0.130434783
233,æ,a,Tone 3,speaker033,loud,20,241.3294958,134.3536979,0,æ-Speaker033-loud-Tone 3,9,0.013958497,-0.469777545,2.001894778,3.06431495,1.178030706,0.445,175.2581903,0.608695652
234,åº,i,Tone 3,speaker033,loud,20,242.339492,144.5816017,0,åº-Speaker033-loud-Tone 3,10,0.013958497,-0.469777545,1.773445539,3.082124024,1.358377422,0.452,186.339597,0.565217391
235,é±¼,y,Tone 2,speaker033,loud,20,322.4738594,159.7954296,0,é±¼-Speaker033-loud-Tone 2,1,0.007319487,-0.143243322,0.670730491,4.495118342,1.626640005,0.373,226.2398061,0
236,æ¸´,e,Tone 3,speaker033,loud,20,239.1000226,114.5226715,0,æ¸´-Speaker033-loud-Tone 3,10,0.007319487,-0.143243322,1.681937415,3.025003066,0.828353926,0.439,164.8597497,0.652173913
237,æ ,u,Tone 2,speaker033,loud,20,351.1069344,151.0211853,0,æ -Speaker033-loud-Tone 2,1,0.007319487,-0.143243322,0.866710965,5,1.471925396,0.421,235.4550382,0.086956522
238,äº,u,Tone 3,speaker001,normal,20,245.4563203,133.5114742,0,äº-speaker001-normal-Tone 3,14,0.010180158,-0.216025447,1.434876022,2.168104903,0.665920235,0.395,163.6353377,0.782608696
239,ç£¨,o,Tone 2,speaker001,normal,20,248.8108948,159.4361348,0,ç£¨-speaker001-normal-Tone 2,7,0.010180158,-0.216025447,1.086993747,2.16475585,1.01380251,0.275,188.1223262,0.043478261
240,æ,a,Tone 2,speaker001,normal,20,217.9362964,168.9231572,0,æ-speaker001-normal-Tone 2,6,0.010180158,-0.216025447,0.959687667,1.640979098,1.14110859,0.229,187.3120792,0
241,æ,a,Tone 3,speaker001,normal,20,183.7065783,110.6080741,0,æ-speaker001-normal-Tone 3,8,0.010180158,-0.216025447,1.742216089,1.150722077,0.358580169,0.413,137.8476714,0.869565217
242,é¨,y,Tone 3,speaker001,normal,20,199.4737384,130.0938736,0,é¨-speaker001-normal-Tone 3,11,0.003927676,-0.014060122,1.497621721,1.542341858,0.620059551,0.522,157.9765133,0.826086957
243,æ,i,Tone 2,speaker001,normal,20,274.8672669,95.60613289,0,æ-speaker001-normal-Tone 2,3,0.010180158,-0.216025447,1.943526706,2.562769549,0.157269551,0.212,190.9005778,0
244,æ¸´,e,Tone 3,speaker001,normal,20,381.4703591,83.88619185,0,æ¸´-speaker001-normal-Tone 3,13,0.010180158,-0.216025447,2.100796257,1.601565121,0,0.346,197.5523293,0.608695652
245,å³,e,Tone 2,speaker001,normal,20,253.1395472,197.2627954,0,å³-speaker001-normal-Tone 2,6,0.010180158,-0.216025447,0.579398878,1.99472436,1.52139738,0.167,222.3015555,0.043478261
246,åº,i,Tone 3,speaker001,normal,20,206.5258422,136.1072577,0,åº-speaker001-normal-Tone 3,9,0.010180158,-0.216025447,1.400043278,1.204134883,0.70075298,0.37,154.2506919,0.695652174
247,é±¼,y,Tone 2,speaker001,normal,20,296.8829706,180.798763,0,é±¼-speaker001-normal-Tone 2,1,0.003927676,-0.014060122,0.81721427,2.858197643,1.300467003,0.193,217.6909088,0.173913043
248,æ ,u,Tone 2,speaker001,normal,20,266.6801779,188.7711587,0,æ -speaker001-normal-Tone 2,5,0.010180158,-0.216025447,0.693347906,2.452907237,1.407448351,0.155,219.3328123,0
249,æ,a,Tone 3,speaker003,normal,20,190.3164417,104.3846742,0,æ-speaker003-normal-Tone 3,11,0.018803786,-0.378383701,1.935655402,1.016710854,0.436629152,0.445,154.4214516,0.739130435
250,å³,e,Tone 2,speaker003,normal,20,253.7890562,180.9611417,0,å³-speaker003-normal-Tone 2,10,0.018803786,-0.378383701,0.908077988,2.031950952,1.254303348,0.31,203.115538,0.043478261
251,é±¼,y,Tone 2,speaker003,normal,20,257.7627355,198.9176892,0,é±¼-speaker003-normal-Tone 2,8,0.010090814,-0.213356667,0.343700965,2.045417934,1.446041176,0.359,219.7646075,0.086956522
252,åº,i,Tone 3,speaker003,normal,20,237.9081149,115.7032191,0,åº-speaker003-normal-Tone 3,12,0.018803786,-0.378383701,1.783772173,1.365480234,0.557487196,0.468,172.5869522,0.869565217
253,äº,u,Tone 3,speaker003,normal,20,228.6314299,160.06116,0,äº-speaker003-normal-Tone 3,12,0.010090814,-0.213356667,0.865115611,1.474442187,1.031135888,0.557,179.674648,0.956521739
254,ç£¨,o,Tone 2,speaker003,normal,20,261.8676262,184.6336221,0,ç£¨-speaker003-normal-Tone 2,12,0.010090814,-0.213356667,0.53537845,2.118212939,1.293517647,0.387,203.235462,0
255,æ¸´,e,Tone 3,speaker003,normal,20,236.9276138,63.49367117,0,æ¸´-speaker003-normal-Tone 3,11,0.018803786,-0.378383701,2.484370594,1.241323153,0,0.445,128.1497811,0.913043478
256,æ,a,Tone 2,speaker003,normal,20,274.5181061,166.1851413,0,æ-speaker003-normal-Tone 2,1,0.018803786,-0.378383701,1.106356712,2.253293223,1.096527015,0.405,196.0241781,0.086956522
257,æ ,u,Tone 2,speaker003,normal,20,302.3031567,184.7084646,0,æ -speaker003-normal-Tone 2,8,0.010090814,-0.213356667,0.53437414,2.54997861,1.294316806,0.378,222.5361508,0
258,é¨,y,Tone 3,speaker003,normal,20,250.3369255,81.77875236,0,é¨-speaker003-normal-Tone 3,17,0.010090814,-0.213356667,1.915584986,0.296352859,0.195245871,0.644,147.0691873,0.913043478
259,æ,i,Tone 2,speaker003,normal,20,263.9903237,161.1158903,0,æ-speaker003-normal-Tone 2,1,0.018803786,-0.378383701,1.174380846,2.140878844,1.04239817,0.34,204.9370773,0.086956522
260,æ ,u,Tone 2,speaker006,normal,20,240.2071936,170.0968039,0,æ -speaker006-normal-Tone 2,1,0.026350792,-0.478999168,1.060894298,2.018880386,1.084104411,0.337,199.5300469,0
261,ç£¨,o,Tone 2,speaker006,normal,20,239.4124751,187.5104125,0,ç£¨-speaker006-normal-Tone 2,12,0.026350792,-0.478999168,0.827221585,2.008284471,1.316278601,0.402,200.6662887,0.043478261
262,åº,i,Tone 3,speaker006,normal,20,221.1988096,173.2994102,0,åº-speaker006-normal-Tone 3,12,0.026350792,-0.478999168,1.017918616,1.765443189,1.126804494,0.454,189.6487375,0.565217391
263,äº,u,Tone 3,speaker006,normal,20,217.4602807,160.0664226,0,äº-speaker006-normal-Tone 3,10,0.026350792,-0.478999168,1.195491696,1.715597695,0.950370174,0.533,185.5920921,0.739130435
264,æ,i,Tone 2,speaker006,normal,20,257.311437,192.2904723,0,æ-speaker006-normal-Tone 2,10,0.026350792,-0.478999168,0.763078101,2.246929836,1.38001074,0.403,212.2212598,0.130434783
265,æ,a,Tone 2,speaker006,normal,20,252.7012486,171.5538509,0,æ-speaker006-normal-Tone 2,6,0.007692007,-0.076756371,0.52467002,2.185462579,1.103531097,0.374,196.4669631,0.043478261
266,å³,e,Tone 2,speaker006,normal,20,221.9185757,176.8244206,0,å³-speaker006-normal-Tone 2,10,0.026350792,-0.478999168,0.970616603,1.715587425,1.173803163,0.269,192.2752209,0.043478261
267,é¨,y,Tone 3,speaker006,normal,20,204.948328,148.557228,0,é¨-speaker006-normal-Tone 3,12,0.026350792,-0.478999168,1.349933247,1.39371088,0.796919043,0.465,174.3114936,0.782608696
268,é±¼,y,Tone 2,speaker006,normal,20,266.5008544,189.294845,0,é±¼-speaker006-normal-Tone 2,1,0.026350792,-0.478999168,0.803276337,2.369451572,1.340070291,0.338,206.3724007,0
269,æ¹,o,Tone 3,speaker006,normal,20,220.2123757,100.0430176,0,æ¹-speaker006-normal-Tone 3,11,0.026350792,-0.478999168,2.00094404,1.369814767,0.150083124,0.456,168.4350884,0.826086957
270,æ,a,Tone 3,speaker006,normal,20,229.4114845,88.78643145,0,æ-speaker006-normal-Tone 3,13,0.026350792,-0.478999168,2.151995845,1.390379936,0,0.428,154.2581068,0.652173913
271,æ¸´,e,Tone 3,speaker006,normal,20,218.4352397,110.9546387,0,æ¸´-speaker006-normal-Tone 3,11,0.026350792,-0.478999168,1.85452131,1.235607412,0.295566857,0.396,171.5429242,0.913043478
272,æ,i,Tone 2,speaker007,normal,20,306.5508054,227.5120485,0,æ-speaker007-normal-Tone 2,1,0.01361973,-0.279186217,0.062160935,3.671246424,2.318400295,0.287,250.278978,0
273,é±¼,y,Tone 2,speaker007,normal,20,240.1901199,197.4680377,0,é±¼-speaker007-normal-Tone 2,1,0.01361973,-0.279186217,0.465320651,2.535401175,1.804159872,0.321,210.0862935,0.043478261
274,æ,a,Tone 2,speaker007,normal,20,244.8734257,185.3543099,0,æ-speaker007-normal-Tone 2,9,0.01361973,-0.279186217,0.627874416,2.615561749,1.596818431,0.361,204.120979,0
275,å³,e,Tone 2,speaker007,normal,20,240.4003749,186.3045901,0,å³-speaker007-normal-Tone 2,6,0.01361973,-0.279186217,0.615122633,2.538999949,1.613083653,0.322,205.3420242,0
276,ç£¨,o,Tone 2,speaker007,normal,20,234.2924189,180.2609803,0,ç£¨-speaker007-normal-Tone 2,12,0.01361973,-0.279186217,0.696221659,2.434454724,1.509639792,0.382,193.0518037,0.130434783
277,åº,i,Tone 3,speaker007,normal,20,219.1695201,143.6168605,0,åº-speaker007-normal-Tone 3,10,0.01361973,-0.279186217,1.187948048,1.212477583,0.882430337,0.475,170.3252242,0.869565217
278,æ ,u,Tone 2,speaker007,normal,20,266.6517618,174.095437,0,æ -speaker007-normal-Tone 2,1,0.01361973,-0.279186217,0.778956907,2.861661311,1.404108889,0.305,215.3268892,0
279,æ¹,o,Tone 3,speaker007,normal,20,225.0507111,92.0617018,0,æ¹-speaker007-normal-Tone 3,12,0.01361973,-0.279186217,1.879765239,1.72759135,0,0.395,155.0299375,0.782608696
280,æ,a,Tone 3,speaker007,normal,20,189.1933891,141.611141,0,æ-speaker007-normal-Tone 3,11,0.01361973,-0.279186217,1.21486274,1.3117669,0.848099966,0.39,161.2675265,0.782608696
281,é¨,y,Tone 3,speaker007,normal,20,187.3038337,153.6712924,0,é¨-speaker007-normal-Tone 3,10,0.01361973,-0.279186217,1.053027916,1.517410408,1.054524381,0.489,169.1583913,0.913043478
282,äº,u,Tone 3,speaker007,normal,20,196.5289506,135.5325922,0,äº-speaker007-normal-Tone 3,10,0.01361973,-0.279186217,1.296430612,1.361979643,0.744058082,0.428,155.8302481,0.826086957
283,æ¸´,e,Tone 3,speaker007,normal,20,196.9308342,129.1785415,0,æ¸´-speaker007-normal-Tone 3,11,0.01361973,-0.279186217,1.381695435,1.156483779,0.635300641,0.366,153.456949,0.869565217
284,å³,e,Tone 2,speaker008,normal,20,114.780954,106.7217704,0,å³-speaker008-normal-Tone 2,11,0.005364337,-0.085249935,2.007578195,2.088453349,1.826835997,0.22,109.4054698,0.043478261
285,ç£¨,o,Tone 2,speaker008,normal,20,118.117975,94.45359986,0,ç£¨-speaker008-normal-Tone 2,13,0.005364337,-0.085249935,2.172204423,2.235081835,1.387353754,0.328,99.88317075,0.043478261
286,æ,a,Tone 2,speaker008,normal,20,120.3553009,94.88628001,0,æ-speaker008-normal-Tone 2,7,0.005364337,-0.085249935,2.1663983,2.315229483,1.40285364,0.278,103.5425725,0.043478261
287,æ¸´,e,Tone 3,speaker008,normal,20,115.1740767,87.97362427,0,æ¸´-speaker008-normal-Tone 3,8,0.005364337,-0.085249935,2.259159029,1.727580674,1.155221816,0.36,95.055585,0.782608696
288,é¨,y,Tone 3,speaker008,normal,20,100.6413341,72.5120287,0,é¨-speaker008-normal-Tone 3,14,0.005364337,-0.085249935,2.466637735,1.462805375,0.60134162,0.428,89.48565149,0.869565217
289,äº,u,Tone 3,speaker008,normal,20,104.0410897,55.72554493,0,äº-speaker008-normal-Tone 3,13,0.005364337,-0.085249935,2.691895077,1.730806067,0,0.459,86.64313281,0.826086957
290,æ¹,o,Tone 3,speaker008,normal,20,99.47598136,83.70879858,0,æ¹-speaker008-normal-Tone 3,13,0.005364337,-0.085249935,2.316388602,1.567270351,1.002443115,0.421,90.7841684,0.47826087
291,æ,i,Tone 2,speaker008,normal,20,120.6091023,107.2806155,0,æ-speaker008-normal-Tone 2,10,0.005364337,-0.085249935,2.000079069,2.324321401,1.846855486,0.295,112.0016426,0.217391304
292,é±¼,y,Tone 2,speaker008,normal,20,120.2733634,102.2554678,0,é±¼-speaker008-normal-Tone 2,11,0.005364337,-0.085249935,2.067511381,2.312294238,1.666839796,0.337,107.6134278,0.173913043
293,æ ,u,Tone 2,speaker008,normal,20,121.3701303,98.74090102,0,æ -speaker008-normal-Tone 2,7,0.005364337,-0.085249935,2.114673252,2.351583681,1.540937593,0.325,107.0142469,0
294,æ,a,Tone 3,speaker008,normal,20,106.5380408,74.99709213,0,æ-speaker008-normal-Tone 3,13,0.005364337,-0.085249935,2.43329074,1.565556282,0.69036396,0.413,90.02629604,0.869565217
295,æ¸´,e,Tone 3,speaker009,normal,20,207.6640064,150.1669235,0,æ¸´-speaker009-normal-Tone 3,12,0.00401111,0.00324491,1.053449824,1.18180051,0.350428097,0.316,178.1423984,0.782608696
296,æ¹,o,Tone 3,speaker009,normal,20,248.9562481,165.9530694,0,æ¹-speaker009-normal-Tone 3,12,0.00401111,0.00324491,0.841615987,0.795943427,0.608028144,0.492,191.1073368,0.565217391
297,ç£¨,o,Tone 2,speaker009,normal,20,263.6787817,185.0887784,0,ç£¨-speaker009-normal-Tone 2,12,0.00401111,0.00324491,0.584834459,2.202726953,0.920286726,0.304,202.8764112,0.086956522
298,é¨,y,Tone 3,speaker009,normal,20,253.3889428,143.6749348,0,é¨-speaker009-normal-Tone 3,12,0.003902645,-0.017436149,1.641753668,1.285694472,0.244491119,0.418,184.8160561,0.913043478
299,æ ,u,Tone 2,speaker009,normal,20,261.3700851,183.5469433,0,æ -speaker009-normal-Tone 2,7,0.00401111,0.00324491,0.6055243,2.082992758,0.895126893,0.28,213.3364928,0
300,é±¼,y,Tone 2,speaker009,normal,20,277.09567,192.6648389,0,é±¼-speaker009-normal-Tone 2,7,0.003902645,-0.017436149,0.984359555,2.421665197,1.043913706,0.259,224.6072173,0.043478261
301,äº,u,Tone 3,speaker009,normal,20,243.3225598,128.6921251,0,äº-speaker009-normal-Tone 3,13,0.003902645,-0.017436149,1.84280756,1.218280432,0,0.368,178.8478637,0.869565217
302,æ,a,Tone 2,speaker009,normal,20,252.5132754,176.3983051,0,æ-speaker009-normal-Tone 2,9,0.00401111,0.00324491,0.70145167,2.020527006,0.778474637,0.274,199.6530362,0.043478261
303,æ,i,Tone 2,speaker009,normal,20,266.4381784,191.1716769,0,æ-speaker009-normal-Tone 2,8,0.00401111,0.00324491,0.503208219,2.225829585,1.019548126,0.282,216.1150673,0.043478261
304,æ,a,Tone 3,speaker009,normal,20,240.5544876,151.2422454,0,æ-speaker009-normal-Tone 3,8,0.00401111,0.00324491,1.039020111,1.097282587,0.367975317,0.355,174.0535673,0.739130435
305,åº,i,Tone 3,speaker009,normal,20,263.7353375,166.3116126,0,åº-speaker009-normal-Tone 3,11,0.00401111,0.00324491,0.836804706,1.417981662,0.613878891,0.425,196.1631352,0.739130435
306,å³,e,Tone 2,speaker009,normal,20,262.846849,185.8570184,0,å³-speaker009-normal-Tone 2,8,0.00401111,0.00324491,0.574525468,2.189151385,0.93282295,0.23,209.9206404,0.043478261
307,æ¹,o,Tone 3,speaker011,normal,20,190.2402025,76.78665464,0,æ¹-speaker011-normal-Tone 3,14,0.011636851,-0.245867602,1.766804893,1.872174032,0,0.34,138.3829019,0.608695652
308,äº,u,Tone 3,speaker011,normal,20,213.0407392,102.0844383,0,äº-speaker011-normal-Tone 3,13,0.011636851,-0.245867602,1.427334662,2.24842117,0.417455906,0.522,165.3574631,0.956521739
309,æ,a,Tone 2,speaker011,normal,20,253.6696415,162.5862379,0,æ-speaker011-normal-Tone 2,11,0.007531449,-0.082714379,1.335658808,2.918866275,1.415837184,0.351,190.6361061,0
310,æ¸´,e,Tone 3,speaker011,normal,20,253.2478333,98.56179519,0,æ¸´-speaker011-normal-Tone 3,13,0.011636851,-0.245867602,1.474604908,2.376121725,0.35932638,0.429,167.5889834,0.652173913
311,åº,i,Tone 3,speaker011,normal,20,210.7471706,106.5556407,0,åº-speaker011-normal-Tone 3,13,0.011636851,-0.245867602,1.367335726,2.210573437,0.491238253,0.469,159.3776187,0.869565217
312,æ,a,Tone 3,speaker011,normal,20,231.4276754,100.1473862,0,æ-speaker011-normal-Tone 3,12,0.011636851,-0.245867602,1.453327908,2.55183649,0.385491294,0.483,166.132438,0.782608696
313,ç£¨,o,Tone 2,speaker011,normal,20,247.3778867,169.0188442,0,ç£¨-speaker011-normal-Tone 2,11,0.011636851,-0.245867602,0.529143796,2.815041757,1.521985988,0.353,191.1318912,0.043478261
314,æ ,u,Tone 2,speaker011,normal,20,285.9873691,178.3361727,0,æ -speaker011-normal-Tone 2,10,0.011636851,-0.245867602,0.404114833,3.452163043,1.675737553,0.402,211.3593333,0.086956522
315,æ,i,Tone 2,speaker011,normal,20,244.3549971,164.8513567,0,æ-speaker011-normal-Tone 2,1,0.011636851,-0.245867602,0.585067191,2.663985869,1.453215447,0.309,203.9715238,0.043478261
316,é±¼,y,Tone 2,speaker011,normal,20,243.0503673,169.808812,0,é±¼-speaker011-normal-Tone 2,9,0.011636851,-0.245867602,0.518543241,2.727098966,1.535021784,0.352,195.0844422,0.043478261
317,å³,e,Tone 2,speaker011,normal,20,253.0323642,161.9234346,0,å³-speaker011-normal-Tone 2,10,0.011636851,-0.245867602,0.624356893,2.90835013,1.404899817,0.289,185.9026613,0.086956522
318,é¨,y,Tone 3,speaker011,normal,20,249.9501614,89.94433358,0,é¨-speaker011-normal-Tone 3,12,0.011636851,-0.245867602,1.590242378,2.522643439,0.217123795,0.516,169.8279459,0.695652174
319,æ ,u,Tone 2,speaker013,normal,20,163.2231969,94.83518464,0,æ -Speaker013-normal-Tone 2,1,0.005542185,-0.093890355,1.580432045,2.40457504,0.671837154,0.326,117.2726413,0.086956522
320,åº,i,Tone 3,speaker013,normal,20,147.9128556,87.28465705,0,åº-Speaker013-normal-Tone 3,12,0.005542185,-0.093890355,1.681752357,1.301000516,0.48053045,0.495,106.9597825,0.869565217
321,æ¹,o,Tone 3,speaker013,normal,20,122.6887156,82.9631529,0,æ¹-Speaker013-normal-Tone 3,13,0.005542185,-0.093890355,1.739742497,0.990218331,0.37103708,0.668,100.2789101,0.826086957
322,äº,u,Tone 3,speaker013,normal,20,125.5179496,90.18850334,0,äº-Speaker013-normal-Tone 3,13,0.005542185,-0.093890355,1.642785728,1.294086803,0.554104814,0.617,106.6616532,0.956521739
323,æ,a,Tone 2,speaker013,normal,20,157.6575263,102.6931806,0,æ-Speaker013-normal-Tone 2,1,0.005542185,-0.093890355,1.474985823,2.263558392,0.870934143,0.304,116.1347751,0
324,å³,e,Tone 2,speaker013,normal,20,162.5546828,106.4746191,0,å³-Speaker013-normal-Tone 2,6,0.005542185,-0.093890355,1.424242809,2.387636988,0.966743943,0.285,122.8322327,0.086956522
325,æ,a,Tone 3,speaker013,normal,20,119.0717779,85.56076858,0,æ-Speaker013-normal-Tone 3,9,0.005542185,-0.093890355,1.704885167,0.933965358,0.43685252,0.52,101.7359636,0.869565217
326,é¨,y,Tone 3,speaker013,normal,20,122.2364585,91.97635289,0,é¨-Speaker013-normal-Tone 3,13,0.005542185,-0.093890355,1.618794626,1.122733613,0.599403318,0.647,107.7348533,0.869565217
327,é±¼,y,Tone 2,speaker013,normal,20,176.437062,94.30787559,0,é±¼-Speaker013-normal-Tone 2,1,0.005542185,-0.093890355,1.58750799,2.739372967,0.658476796,0.373,121.5769006,0.130434783
328,æ¸´,e,Tone 3,speaker013,normal,20,153.0732505,68.31899433,0,æ¸´-Speaker013-normal-Tone 3,11,0.005542185,-0.093890355,1.936252039,1.486439111,0,0.483,104.6606188,0.913043478
329,ç£¨,o,Tone 2,speaker013,normal,20,141.2912874,100.8622724,0,ç£¨-Speaker013-normal-Tone 2,13,0.005542185,-0.093890355,1.499554728,1.83814225,0.824544668,0.389,112.3309957,0.086956522
330,æ,i,Tone 2,speaker013,normal,20,167.021067,101.9411299,0,æ-Speaker013-normal-Tone 2,12,0.005542185,-0.093890355,1.48507757,2.500801165,0.851879535,0.262,117.2842002,0.043478261
331,ç£¨,o,Tone 2,speaker014,normal,20,151.9739619,107.2964735,0,ç£¨-Speaker014-normal-Tone 2,12,0.008699507,-0.171134143,1.025344997,2.491673341,1.290133286,0.312,118.3967146,0
332,æ ,u,Tone 2,speaker014,normal,20,157.2836688,106.8073782,0,æ -Speaker014-normal-Tone 2,9,0.008699507,-0.171134143,1.031908153,2.661913329,1.276711225,0.316,121.2933649,0
333,é¨,y,Tone 3,speaker014,normal,20,129.0153094,98.75592358,0,é¨-Speaker014-normal-Tone 3,16,0.00795869,-0.138748751,0.853180689,1.886155236,1.055758145,0.35,105.1032374,0.47826087
334,åº,i,Tone 3,speaker014,normal,20,121.1153774,97.2531121,0,åº-Speaker014-normal-Tone 3,11,0.008699507,-0.171134143,1.160116574,1.669360335,1.014517047,0.341,103.5268699,0.695652174
335,é±¼,y,Tone 2,speaker014,normal,20,148.3621718,104.8449957,0,é±¼-Speaker014-normal-Tone 2,1,0.00795869,-0.138748751,0.771471605,2.336267414,1.222858291,0.234,118.5588009,0
336,æ¹,o,Tone 3,speaker014,normal,20,131.2987966,98.84874083,0,æ¹-Speaker014-normal-Tone 3,6,0.008699507,-0.171134143,1.138704878,1.628572063,1.058305294,0.36,107.5641669,0.47826087
337,å³,e,Tone 2,speaker014,normal,20,130.6319926,109.0773935,0,å³-Speaker014-normal-Tone 2,7,0.008699507,-0.171134143,1.001446883,1.806354619,1.339006412,0.179,118.3331217,0.043478261
338,æ,a,Tone 3,speaker014,normal,20,119.8373299,60.2844581,0,æ-Speaker014-normal-Tone 3,14,0.008699507,-0.171134143,1.656197878,1.434544587,0,0.341,88.40113801,0.782608696
339,æ,i,Tone 2,speaker014,normal,20,142.117693,108.1045116,0,æ-Speaker014-normal-Tone 2,7,0.008699507,-0.171134143,1.014501957,2.141360122,1.312307975,0.237,120.4195086,0
340,æ¸´,e,Tone 3,speaker014,normal,20,129.5917512,99.56827522,0,æ¸´-Speaker014-normal-Tone 3,5,0.008699507,-0.171134143,1.129049467,1.901974315,1.078051209,0.304,108.5845442,0.608695652
341,æ,a,Tone 2,speaker014,normal,20,125.5796745,98.56156999,0,æ-Speaker014-normal-Tone 2,9,0.008699507,-0.171134143,1.142558416,1.791872383,1.050424572,0.269,108.3188236,0
342,äº,u,Tone 3,speaker014,normal,20,121.8904688,96.59412634,0,äº-Speaker014-normal-Tone 3,8,0.00795869,-0.138748751,0.882189784,1.56282675,0.996432746,0.366,104.4629416,0.695652174
343,é±¼,y,Tone 2,speaker018,normal,20,156.5272522,94.66981279,0,é±¼-Speaker018-normal-Tone 2,1,0.007184905,-0.162558023,1.500992839,2.073881961,0.568580764,0.316,110.1809622,0.130434783
344,æ,i,Tone 2,speaker018,normal,20,147.4173701,103.5725795,0,æ-Speaker018-normal-Tone 2,8,0.007184905,-0.162558023,1.381526869,1.641006899,0.785229651,0.239,118.393254,0.086956522
345,æ ,u,Tone 2,speaker018,normal,20,167.8656263,100.4542998,0,æ -Speaker018-normal-Tone 2,7,0.007184905,-0.162558023,1.423370974,2.34980137,0.709346294,0.292,122.6917222,0
346,åº,i,Tone 3,speaker018,normal,20,106.9615303,80.70974883,0,åº-Speaker018-normal-Tone 3,10,0.007184905,-0.162558023,1.688322535,0.768577473,0.228862515,0.409,92.99798527,0.695652174
347,ç£¨,o,Tone 2,speaker018,normal,20,140.9982198,94.05531502,0,ç£¨-Speaker018-normal-Tone 2,1,0.007184905,-0.162558023,1.509238767,1.695982855,0.553626957,0.193,109.4807117,0
348,å³,e,Tone 2,speaker018,normal,20,125.930043,103.4373889,0,å³-Speaker018-normal-Tone 2,8,0.007184905,-0.162558023,1.383340988,1.236325982,0.781939787,0.162,112.526763,0.043478261
349,æ¹,o,Tone 3,speaker018,normal,20,108.8534225,71.30508671,0,æ¹-Speaker018-normal-Tone 3,11,0.007184905,-0.162558023,1.814523426,0.659514821,0,0.301,84.34598469,0.695652174
350,æ¸´,e,Tone 3,speaker018,normal,20,100.2854227,81.19622725,0,æ¸´-Speaker018-normal-Tone 3,9,0.007184905,-0.162558023,1.681794496,0.610079698,0.240700971,0.331,89.20539292,0.782608696
351,æ,a,Tone 2,speaker018,normal,20,135.6963914,89.48200937,0,æ-Speaker018-normal-Tone 2,12,0.007184905,-0.162558023,1.570607824,1.566962826,0.442335533,0.231,100.2154484,0
352,äº,u,Tone 3,speaker018,normal,20,116.5471273,87.76911026,0,äº-Speaker018-normal-Tone 3,6,0.007184905,-0.162558023,1.593593168,0.958982265,0.400652122,0.425,94.14735882,0.608695652
353,é¨,y,Tone 3,speaker018,normal,20,112.8530361,75.61925358,0,é¨-Speaker018-normal-Tone 3,12,0.007184905,-0.162558023,1.756631745,0.691615339,0.104985279,0.341,87.68508553,0.956521739
354,æ,a,Tone 3,speaker018,normal,20,114.0706768,79.46805488,0,æ-Speaker018-normal-Tone 3,7,0.007184905,-0.162558023,1.704984791,0.60195602,0.198645884,0.382,88.12889762,0.739130435
355,æ¹,o,Tone 3,speaker019,normal,20,215.9655642,88.7642415,0,æ¹-Speaker019-normal-Tone 3,18,0.006571484,-0.064138306,1.50481325,2.01407898,0,0.463,162.5174062,0.565217391
356,æ,a,Tone 2,speaker019,normal,20,241.5741197,186.9631806,0,æ-Speaker019-normal-Tone 2,12,0.006571484,-0.064138306,0.187084512,3.388408056,2.177464443,0.34,200.4924052,0.130434783
357,äº,u,Tone 3,speaker019,normal,20,201.7088425,161.7430359,0,äº-Speaker019-normal-Tone 3,13,0.003230937,-0.013150883,0.591263579,2.322187462,1.618232655,0.405,179.0901946,0.652173913
358,é¨,y,Tone 3,speaker019,normal,20,226.3933216,158.7639826,0,é¨-Speaker019-normal-Tone 3,13,0.003230937,-0.013150883,0.63123941,2.494342009,1.552175091,0.401,180.8293244,0.52173913
359,æ¸´,e,Tone 3,speaker019,normal,20,229.664844,152.0186529,0,æ¸´-Speaker019-normal-Tone 3,11,0.006571484,-0.064138306,0.656004124,2.349391434,1.40260407,0.414,179.21194,0.608695652
360,æ,a,Tone 3,speaker019,normal,20,214.7037874,152.7076019,0,æ-Speaker019-normal-Tone 3,12,0.006571484,-0.064138306,0.646759137,2.792584988,1.417880834,0.428,178.1131283,0.47826087
361,å³,e,Tone 2,speaker019,normal,20,244.9841594,183.964382,0,å³-Speaker019-normal-Tone 2,6,0.006571484,-0.064138306,0.227325304,2.662282864,2.110969047,0.329,194.943755,0.173913043
362,é±¼,y,Tone 2,speaker019,normal,20,276.5904017,198.0218928,0,é±¼-Speaker019-normal-Tone 2,1,0.003230937,-0.013150883,0.104438643,4.164859509,2.422680459,0.363,213.1801642,0.043478261
363,ç£¨,o,Tone 2,speaker019,normal,20,228.1590056,189.5079924,0,ç£¨-Speaker019-normal-Tone 2,6,0.006571484,-0.064138306,0.152935756,2.883658265,2.23389313,0.356,199.3730756,0
364,æ,i,Tone 2,speaker019,normal,20,268.417948,200.2856138,0,æ-Speaker019-normal-Tone 2,13,0.006571484,-0.064138306,0.008311165,3.983643424,2.472876235,0.398,215.4041988,0
365,åº,i,Tone 3,speaker019,normal,20,221.5093073,169.2996612,0,åº-Speaker019-normal-Tone 3,12,0.006571484,-0.064138306,0.424110771,2.516574053,1.785793354,0.493,189.0015339,0.826086957
366,æ ,u,Tone 2,speaker019,normal,20,228.0838107,196.8610688,0,æ -Speaker019-normal-Tone 2,3,0.006571484,-0.064138306,0.054265035,3.089273784,2.396940334,0.348,206.6645607,0
367,é¨,y,Tone 3,speaker022,normal,20,240.7451004,138.3186056,0,é¨-Speaker022-normal-Tone 3,12,0.006429356,-0.051767919,2.030675121,3.54826156,1.583361222,0.506,198.2758178,0.826086957
368,æ,i,Tone 2,speaker022,normal,20,285.6018176,189.4005069,0,æ-Speaker022-normal-Tone 2,1,0.006429356,-0.051767919,0.889715868,4.638307423,2.642901262,0.5,249.0254676,0.130434783
369,æ,a,Tone 2,speaker022,normal,20,273.1597747,211.4069667,0,æ-Speaker022-normal-Tone 2,5,0.006429356,-0.051767919,0.398182207,4.380234753,3.099358925,0.485,233.4174309,0
370,æ,a,Tone 3,speaker022,normal,20,249.5182109,89.08903527,0,æ-Speaker022-normal-Tone 3,10,0.006429356,-0.051767919,3.13026093,3.337975158,0.562242204,0.492,175.5087506,0.826086957
371,ç£¨,o,Tone 2,speaker022,normal,20,265.9326147,218.3412823,0,ç£¨-Speaker022-normal-Tone 2,6,0.006429356,-0.051767919,0.243298162,4.217135809,3.243190396,0.416,237.0770364,0.086956522
372,é±¼,y,Tone 2,speaker022,normal,20,287.7487632,220.8218878,0,é±¼-Speaker022-normal-Tone 2,4,0.006429356,-0.051767919,0.187891653,4.682839337,3.294643079,0.502,245.6731916,0.043478261
373,å³,e,Tone 2,speaker022,normal,20,257.8737599,217.2275716,0,å³-Speaker022-normal-Tone 2,7,0.006429356,-0.051767919,0.268173871,3.95976952,3.220089825,0.379,231.5171182,0.130434783
374,äº,u,Tone 3,speaker022,normal,20,244.6690766,97.00665466,0,äº-Speaker022-normal-Tone 3,11,0.006429356,-0.051767919,2.953413928,3.184634984,0.726469348,0.47,176.9972094,0.826086957
375,æ ,u,Tone 2,speaker022,normal,20,279.2747351,183.1866716,0,æ -Speaker022-normal-Tone 2,1,0.006429356,-0.051767919,1.028507352,4.492609793,2.514013982,0.446,240.1981858,0.043478261
376,æ¹,o,Tone 3,speaker022,normal,20,254.2520649,91.54505972,0,æ¹-Speaker022-normal-Tone 3,11,0.006429356,-0.051767919,3.075403461,2.276534484,0.613185027,0.5,182.4121906,0.826086957
377,åº,i,Tone 3,speaker022,normal,20,251.623982,61.9825554,0,åº-Speaker022-normal-Tone 3,12,0.006429356,-0.051767919,3.735708031,3.044032909,0,0.564,176.0476722,0.956521739
378,æ¸´,e,Tone 3,speaker022,normal,20,232.0390393,69.9439838,0,æ¸´-Speaker022-normal-Tone 3,10,0.006429356,-0.051767919,3.557882516,3.351479192,0.16513583,0.467,168.1392573,0.913043478
379,æ¹,o,Tone 3,speaker023,normal,20,117.7928776,89.19936651,0,æ¹-Speaker023-normal-Tone 3,13,0.017777038,-0.426905758,4.771592041,1.841599475,0.566017535,0.36,101.2534852,0.217391304
380,æ,i,Tone 2,speaker023,normal,20,110.1636473,89.93967291,0,æ-Speaker023-normal-Tone 2,9,0.017777038,-0.426905758,4.755056646,1.501252731,0.599043262,0.252,96.41675621,0.043478261
381,äº,u,Tone 3,speaker023,normal,20,103.5650593,79.50792803,0,äº-Speaker023-normal-Tone 3,11,0.017777038,-0.426905758,4.988058855,1.114074351,0.133673852,0.356,89.04158573,0.47826087
382,æ ,u,Tone 2,speaker023,normal,20,129.1176743,90.5210907,0,æ -Speaker023-normal-Tone 2,10,0.017777038,-0.426905758,4.742070168,2.34680872,0.624980826,0.324,101.1814261,0
383,é¨,y,Tone 3,speaker023,normal,20,90.95085042,78.5394189,0,é¨-Speaker023-normal-Tone 3,13,0.017777038,-0.426905758,5.009691359,0.644152789,0.090467799,0.331,83.7970688,0.47826087
384,ç£¨,o,Tone 2,speaker023,normal,20,107.7459086,86.78705062,0,ç£¨-Speaker023-normal-Tone 2,11,0.017777038,-0.426905758,4.825473241,1.36663846,0.45840198,0.361,92.50082441,0.043478261
385,æ,a,Tone 2,speaker023,normal,20,104.4300962,79.56463681,0,æ-Speaker023-normal-Tone 2,7,0.017777038,-0.426905758,4.986792215,1.245473922,0.136203681,0.303,88.17306083,0.130434783
386,å³,e,Tone 2,speaker023,normal,20,108.4994273,84.8915111,0,å³-Speaker023-normal-Tone 2,6,0.017777038,-0.426905758,4.867811786,1.34100677,0.373840277,0.325,94.67978557,0.043478261
387,æ¸´,e,Tone 3,speaker023,normal,20,99.53201682,78.56235482,0,æ¸´-Speaker023-normal-Tone 3,8,0.017777038,-0.426905758,5.009179066,0.684753892,0.091490991,0.355,85.20525047,0.608695652
388,æ,a,Tone 3,speaker023,normal,20,96.62309911,76.51148801,0,æ-Speaker023-normal-Tone 3,7,0.017777038,-0.426905758,5.054986982,0.637972738,0,0.407,83.18343787,0.565217391
389,åº,i,Tone 3,speaker023,normal,20,94.98103365,80.29901878,0,åº-Speaker023-normal-Tone 3,10,0.017777038,-0.426905758,4.970389147,0.823942844,0.168965113,0.396,87.28950414,0.608695652
390,é±¼,y,Tone 2,speaker023,normal,20,114.5825381,85.81712053,0,é±¼-Speaker023-normal-Tone 2,5,0.017777038,-0.426905758,4.847137484,1.698383377,0.415132536,0.385,96.34130666,0.130434783
391,æ,i,Tone 2,speaker024,normal,20,182.6581158,118.774252,0,æ-Speaker024-normal-Tone 2,1,0.008099245,-0.057836014,1.716582106,2.486637562,0.912586218,0.276,136.0078635,0.173913043
392,åº,i,Tone 3,speaker024,normal,20,146.39992,87.88037588,0,åº-Speaker024-normal-Tone 3,10,0.008099245,-0.057836014,2.406624037,0.865452093,0.151383868,0.401,101.0159682,0.782608696
393,å³,e,Tone 2,speaker024,normal,20,174.5338237,120.2458689,0,å³-Speaker024-normal-Tone 2,6,0.008099245,-0.057836014,1.683712246,2.286460989,0.948845774,0.241,139.4425381,0.043478261
394,æ¸´,e,Tone 3,speaker024,normal,20,129.2650522,81.73636639,0,æ¸´-Speaker024-normal-Tone 3,11,0.008099245,-0.057836014,2.5438559,0.768174098,0,0.423,99.77872689,0.608695652
395,é±¼,y,Tone 2,speaker024,normal,20,157.4316165,109.3323964,0,é±¼-Speaker024-normal-Tone 2,1,0.012435566,-0.260724756,2.961483908,1.791457494,0.679945851,0.279,132.8637994,0.086956522
396,æ ,u,Tone 2,speaker024,normal,20,245.8777644,114.4376104,0,æ -Speaker024-normal-Tone 2,1,0.008099245,-0.057836014,1.813444815,4.044323133,0.805734563,0.266,143.4412885,0.043478261
397,é¨,y,Tone 3,speaker024,normal,20,124.104193,87.51761349,0,é¨-Speaker024-normal-Tone 3,13,0.012435566,-0.260724756,3.448736296,0.991668769,0.14244567,0.492,100.0994891,0.739130435
398,æ¹,o,Tone 3,speaker024,normal,20,119.552916,83.59892609,0,æ¹-Speaker024-normal-Tone 3,12,0.008099245,-0.057836014,2.502253989,0.931771925,0.045892099,0.568,98.29051303,0.739130435
399,ç£¨,o,Tone 2,speaker024,normal,20,161.9343803,98.46656738,0,ç£¨-Speaker024-normal-Tone 2,8,0.008099245,-0.057836014,2.170172127,1.976019985,0.412219828,0.359,120.3230784,0
400,æ,a,Tone 3,speaker024,normal,20,125.063478,81.84974969,0,æ-Speaker024-normal-Tone 3,12,0.008099245,-0.057836014,2.541323384,0.783546892,0.002793681,0.424,95.18635596,0.695652174
401,äº,u,Tone 3,speaker024,normal,20,123.8781383,96.62335606,0,äº-Speaker024-normal-Tone 3,14,0.012435566,-0.260724756,3.245351517,1.038342216,0.366804459,0.477,107.3834226,0.695652174
402,æ,a,Tone 2,speaker024,normal,20,152.237024,101.1022602,0,æ-Speaker024-normal-Tone 2,7,0.008099245,-0.057836014,2.111301606,1.73708427,0.477161358,0.315,119.3165578,0
403,åº,i,Tone 3,speaker025,normal,20,213.9534065,90.0108792,0,åº-Speaker025-normal-Tone 3,11,0.012435566,-0.260724756,3.393047011,1.802570663,0.228248886,0.61,161.230927,0.869565217
404,æ¹,o,Tone 3,speaker025,normal,20,189.6447372,86.19906348,0,æ¹-Speaker025-normal-Tone 3,11,0.011856183,-0.246988743,3.60989628,1.628851667,0.174664293,0.604,150.326642,0.652173913
405,æ ,u,Tone 2,speaker025,normal,20,283.8904951,185.818157,0,æ -Speaker025-normal-Tone 2,1,0.011856183,-0.246988743,1.384816093,2.937568729,1.575059522,0.399,210.7901897,0.043478261
406,é¨,y,Tone 3,speaker025,normal,20,249.5547175,132.6412327,0,é¨-Speaker025-normal-Tone 3,10,0.011856183,-0.246988743,2.57256953,2.245275834,0.827525004,0.718,179.4476636,0.869565217
407,äº,u,Tone 3,speaker025,normal,20,224.3484037,136.5890134,0,äº-Speaker025-normal-Tone 3,12,0.011856183,-0.246988743,2.484392371,1.747984553,0.883020924,0.689,170.2877688,0.913043478
408,ç£¨,o,Tone 2,speaker025,normal,20,279.4633425,177.5656901,0,ç£¨-Speaker025-normal-Tone 2,13,0.011856183,-0.246988743,1.569142209,2.89147655,1.459050484,0.497,200.1036089,0.086956522
409,æ,i,Tone 2,speaker025,normal,20,276.8724037,194.7257537,0,æ-Speaker025-normal-Tone 2,12,0.012435566,-0.260724756,1.054148067,2.855054432,1.700278047,0.389,214.3848777,0.130434783
410,é±¼,y,Tone 2,speaker025,normal,20,264.5629264,176.6741687,0,é±¼-Speaker025-normal-Tone 2,12,0.011856183,-0.246988743,1.589055125,2.682013977,1.446517923,0.464,199.1889774,0.130434783
411,æ,a,Tone 3,speaker025,normal,20,234.3356372,85.30179813,0,æ-Speaker025-normal-Tone 3,11,0.012435566,-0.260724756,3.498228484,1.992834297,0.162050987,0.626,150.2106481,0.826086957
412,æ¸´,e,Tone 3,speaker025,normal,20,251.8008039,73.77407216,0,æ¸´-Speaker025-normal-Tone 3,11,0.011856183,-0.246988743,3.887419404,1.276144063,0,0.567,154.4687748,0.913043478
413,æ,a,Tone 2,speaker025,normal,20,270.8810599,177.0203726,0,æ-Speaker025-normal-Tone 2,1,0.012435566,-0.260724756,1.449613347,2.770831128,1.451384684,0.397,211.0105642,0
414,å³,e,Tone 2,speaker025,normal,20,274.6437007,188.0132444,0,å³-Speaker025-normal-Tone 2,7,0.012435566,-0.260724756,1.204077874,2.823724444,1.605916959,0.381,217.3021862,0.043478261
415,æ ,u,Tone 2,speaker026,normal,20,292.3781681,227.2835178,0,æ -Speaker026-normal-Tone 2,13,0.011244238,-0.275369808,0.169386588,3.634306627,2.192262637,0.336,243.8579658,0.043478261
416,å³,e,Tone 2,speaker026,normal,20,249.1024918,179.4319256,0,å³-Speaker026-normal-Tone 2,10,0.011244238,-0.275369808,1.238194042,2.675619106,1.132204696,0.274,198.6315614,0
417,æ¸´,e,Tone 3,speaker026,normal,20,242.1119343,128.3235896,0,æ¸´-Speaker026-normal-Tone 3,10,0.011244238,-0.275369808,2.379743738,2.284121102,0,0.369,175.6525448,0.652173913
418,æ,a,Tone 2,speaker026,normal,20,243.5786931,168.881467,0,æ-Speaker026-normal-Tone 2,8,0.011856183,-0.246988743,1.76311198,2.553250207,0.89848003,0.341,190.5176193,0
419,åº,i,Tone 3,speaker026,normal,20,233.1046272,140.047914,0,åº-Speaker026-normal-Tone 3,11,0.011244238,-0.275369808,2.117870627,1.553111852,0.259729355,0.416,176.6515518,0.826086957
420,äº,u,Tone 3,speaker026,normal,20,206.6345964,162.5158483,0,äº-Speaker026-normal-Tone 3,11,0.011244238,-0.275369808,1.616029527,1.594040773,0.757462264,0.422,181.6274376,0.47826087
421,æ,i,Tone 2,speaker026,normal,20,271.7755854,185.9518105,0,æ-Speaker026-normal-Tone 2,9,0.011244238,-0.275369808,1.092566671,3.177896916,1.276639927,0.356,210.1990238,0.086956522
422,é±¼,y,Tone 2,speaker026,normal,20,296.4996021,176.3997565,0,é±¼-Speaker026-normal-Tone 2,1,0.011244238,-0.275369808,1.30592021,3.725608894,1.065032952,0.4,215.8421643,0.173913043
423,ç£¨,o,Tone 2,speaker026,normal,20,271.1798654,184.5742542,0,ç£¨-Speaker026-normal-Tone 2,13,0.011244238,-0.275369808,1.123335604,3.16469991,1.246122876,0.357,203.1017387,0
424,é¨,y,Tone 3,speaker026,normal,20,212.0831271,163.617492,0,é¨-Speaker026-normal-Tone 3,12,0.011244238,-0.275369808,1.591423344,1.715855165,0.781867014,0.47,185.0744864,0.608695652
425,æ,a,Tone 3,speaker026,normal,20,198.8911846,145.4301806,0,æ-Speaker026-normal-Tone 3,11,0.011244238,-0.275369808,1.997652962,1.512998279,0.378962889,0.396,173.3782405,0.652173913
426,æ¹,o,Tone 3,speaker026,normal,20,224.5665833,148.704643,0,æ¹-Speaker026-normal-Tone 3,12,0.011244238,-0.275369808,1.924514961,2.132074295,0.451502165,0.46,184.3988509,0.565217391
427,äº,u,Tone 3,speaker027,normal,20,116.4031739,63.91215873,0,äº-Speaker027-normal-Tone 3,9,0.007824557,-0.189586357,3.343991381,1.452169726,0.171506334,0.539,96.43664032,0.913043478
428,é±¼,y,Tone 2,speaker027,normal,20,115.2260813,89.57365557,0,é±¼-Speaker027-normal-Tone 2,8,0.007824557,-0.189586357,2.770819249,1.878296015,1.025052035,0.448,98.4636751,0.434782609
429,é¨,y,Tone 3,speaker027,normal,20,116.2419757,67.52356376,0,é¨-Speaker027-normal-Tone 3,14,0.007824557,-0.189586357,3.263327469,0.504783143,0.291627902,0.467,85.10950215,1
430,ç£¨,o,Tone 2,speaker027,normal,20,110.4914864,75.86019491,0,ç£¨-Speaker027-normal-Tone 2,11,0.007824557,-0.189586357,3.07712147,1.66709104,0.568918651,0.408,92.9721825,0.434782609
431,æ,a,Tone 3,speaker027,normal,20,114.3688734,61.18042481,0,æ-Speaker027-normal-Tone 3,16,0.007824557,-0.189586357,3.405007064,1.8497838,0.080644146,0.383,75.80889354,0.826086957
432,æ¸´,e,Tone 3,speaker027,normal,20,118.8451896,71.60413861,0,æ¸´-Speaker027-normal-Tone 3,15,0.007824557,-0.189586357,3.172184236,1.265440962,0.427354868,0.397,92.77418118,0.782608696
433,æ¹,o,Tone 3,speaker027,normal,20,113.8581865,65.31174833,0,æ¹-Speaker027-normal-Tone 3,13,0.007824557,-0.189586357,3.312730315,0.755494621,0.218059101,0.454,84.97213356,0.826086957
434,æ,i,Tone 2,speaker027,normal,20,116.8067132,97.54829142,0,æ-Speaker027-normal-Tone 2,6,0.007824557,-0.189586357,2.592698734,1.930870562,1.290302195,0.312,108.2392162,0.608695652
435,å³,e,Tone 2,speaker027,normal,20,120.9833145,85.84229571,0,å³-Speaker027-normal-Tone 2,8,0.007824557,-0.189586357,2.854162458,2.069791534,0.900940562,0.291,103.3178284,0.391304348
436,æ ,u,Tone 2,speaker027,normal,20,116.8897006,96.8563503,0,æ -Speaker027-normal-Tone 2,10,0.007824557,-0.189586357,2.608153849,1.907729204,1.267287038,0.397,105.1612526,0.217391304
437,åº,i,Tone 3,speaker027,normal,20,111.7085485,58.75589207,0,åº-Speaker027-normal-Tone 3,13,0.007824557,-0.189586357,3.459161138,1.068852731,0,0.398,78.5852681,0.913043478
438,æ,a,Tone 2,speaker027,normal,20,111.2149451,87.82148603,0,æ-Speaker027-normal-Tone 2,12,0.007824557,-0.189586357,2.809955499,1.744878698,0.96677185,0.293,93.4582637,0.086956522
439,é±¼,y,Tone 2,speaker031,normal,20,124.1885123,102.2231784,0,é±¼-Speaker031-normal-Tone 2,9,0.007047994,-0.122852578,2.017155996,3.427069702,1.773488254,0.351,109.919204,0.217391304
440,äº,u,Tone 3,speaker031,normal,20,107.6900075,89.83254544,0,äº-Speaker031-normal-Tone 3,10,0.007047994,-0.122852578,2.293911696,1.534577956,0.840703854,0.391,95.2832754,0.782608696
441,æ ,u,Tone 2,speaker031,normal,20,121.5269045,98.31639576,0,æ -Speaker031-normal-Tone 2,1,0.007047994,-0.122852578,2.104417427,3.180122287,1.479380123,0.328,104.4900259,0.086956522
442,æ,i,Tone 2,speaker031,normal,20,111.7579227,97.70675428,0,æ-Speaker031-normal-Tone 2,6,0.007047994,-0.122852578,2.118034307,2.080967972,1.433485449,0.307,102.1443642,0.173913043
443,æ¹,o,Tone 3,speaker031,normal,20,101.7295753,84.16879812,0,æ¹-Speaker031-normal-Tone 3,12,0.007047994,-0.122852578,2.42041648,1.346879192,0.414328934,0.427,90.50535021,0.260869565
444,æ¸´,e,Tone 3,speaker031,normal,20,96.33467771,86.87597558,0,æ¸´-Speaker031-normal-Tone 3,20,0.007047994,-0.122852578,2.359949287,0.99433849,0.618129088,0.315,90.45973714,0.47826087
445,é¨,y,Tone 3,speaker031,normal,20,96.40150093,83.91626345,0,é¨-Speaker031-normal-Tone 3,10,0.007047994,-0.122852578,2.426057065,1.013585104,0.395317766,0.383,88.75860317,0.782608696
446,æ,a,Tone 2,speaker031,normal,20,100.2570677,83.67670666,0,æ-Speaker031-normal-Tone 2,8,0.004437234,-0.071549637,1.975975336,1.625476655,0.377283592,0.356,89.4495111,0.086956522
447,åº,i,Tone 3,speaker031,normal,20,97.17379833,80.43898756,0,åº-Speaker031-normal-Tone 3,7,0.007047994,-0.122852578,2.503725084,1.202569142,0.133543512,0.391,92.3592379,0.695652174
448,æ,a,Tone 3,speaker031,normal,20,88.94934425,80.44165494,0,æ-Speaker031-normal-Tone 3,3,0.007047994,-0.122852578,2.503665506,0.193793732,0.133744316,0.451,83.42652848,0.739130435
449,å³,e,Tone 2,speaker031,normal,20,115.1703129,95.14689464,0,å³-Speaker031-normal-Tone 2,10,0.007047994,-0.122852578,2.175211026,2.748166877,1.240775589,0.31,100.1957262,0.130434783
450,ç£¨,o,Tone 2,speaker031,normal,20,105.7623242,88.49258323,0,ç£¨-Speaker031-normal-Tone 2,7,0.007047994,-0.122852578,2.323840932,1.436066386,0.739829601,0.342,93.57878595,0.086956522
451,æ,a,Tone 3,speaker032,normal,20,152.5618787,117.8437662,0,æ-Speaker032-normal-Tone 3,9,0.013958497,-0.469777545,2.370658643,0.73926342,0,0.341,128.5315716,0.347826087
452,é¨,y,Tone 3,speaker032,normal,20,176.1208583,128.2249839,0,é¨-Speaker032-normal-Tone 3,10,0.013958497,-0.469777545,2.138785003,0.785998407,0.262901739,0.398,143.9031404,0.826086957
453,æ¸´,e,Tone 3,speaker032,normal,20,153.8858641,122.5961761,0,æ¸´-Speaker032-normal-Tone 3,9,0.013958497,-0.469777545,2.264509382,0.631167859,0.120353591,0.317,134.321761,0.695652174
454,æ¹,o,Tone 3,speaker032,normal,20,188.8470561,123.029091,0,æ¹-Speaker032-normal-Tone 3,10,0.013958497,-0.469777545,2.254839847,0.5792044,0.131317052,0.448,140.0781981,0.47826087
455,æ ,u,Tone 2,speaker032,normal,20,195.1825802,138.3497178,0,æ -Speaker032-normal-Tone 2,9,0.013958497,-0.469777545,1.912640154,1.958586102,0.51930809,0.202,156.4707149,0
456,äº,u,Tone 3,speaker032,normal,20,175.0103603,127.8075302,0,äº-Speaker032-normal-Tone 3,7,0.013958497,-0.469777545,2.148109199,0.703786505,0.252329829,0.332,141.3344437,0.52173913
457,åº,i,Tone 3,speaker032,normal,20,146.6498128,121.2328756,0,åº-Speaker032-normal-Tone 3,11,0.013958497,-0.469777545,2.2949599,0.454204245,0.085828347,0.303,132.1000994,0.565217391
458,æ,i,Tone 2,speaker032,normal,20,193.0665745,129.8445547,0,æ-Speaker032-normal-Tone 2,1,0.013958497,-0.469777545,2.102610463,1.747592608,0.303916964,0.212,152.8028971,0
459,å³,e,Tone 2,speaker032,normal,20,176.3131727,135.4966705,0,å³-Speaker032-normal-Tone 2,6,0.013958497,-0.469777545,1.976365478,1.315877574,0.447055382,0.188,152.6612811,0.043478261
460,ç£¨,o,Tone 2,speaker032,normal,20,196.9221363,138.2848238,0,ç£¨-Speaker032-normal-Tone 2,12,0.013958497,-0.469777545,1.914089619,2.002639924,0.517664666,0.262,153.2918948,0
461,æ,a,Tone 2,speaker032,normal,20,191.3238284,126.0756334,0,æ-Speaker032-normal-Tone 2,11,0.013958497,-0.469777545,2.186792639,1.860864178,0.208469976,0.207,142.4533799,0
462,é±¼,y,Tone 2,speaker032,normal,20,206.1711497,140.4602354,0,é±¼-Speaker032-normal-Tone 2,1,0.013958497,-0.469777545,1.865499885,2.236868873,0.57275642,0.224,157.3424463,0.043478261
463,åº,i,Tone 3,speaker033,normal,20,145.7348796,90.64861424,0,åº-Speaker033-normal-Tone 3,10,0.007319487,-0.143243322,2.215185509,1.378712955,0.407387138,0.433,108.3620273,0.695652174
464,äº,u,Tone 3,speaker033,normal,20,128.6347269,94.94082654,0,äº-Speaker033-normal-Tone 3,12,0.007319487,-0.143243322,2.119315168,1.07718916,0.483070915,0.484,107.3259666,0.826086957
465,é±¼,y,Tone 2,speaker033,normal,20,192.7971107,109.0422741,0,é±¼-Speaker033-normal-Tone 2,9,0.007319487,-0.143243322,1.804346917,2.208552477,0.731719103,0.315,134.6891964,0.130434783
466,ç£¨,o,Tone 2,speaker033,normal,20,142.9373451,104.7994462,0,ç£¨-Speaker033-normal-Tone 2,12,0.007319487,-0.143243322,1.899114215,1.315176559,0.656906112,0.315,116.5047769,0.043478261
467,æ,a,Tone 2,speaker033,normal,20,126.8944173,103.5025335,0,æ-Speaker033-normal-Tone 2,10,0.007319487,-0.143243322,1.928081902,0.953860427,0.634037893,0.26,111.2376865,0.043478261
468,æ,a,Tone 3,speaker033,normal,20,148.727541,79.43940605,0,æ-Speaker033-normal-Tone 3,1,0.007319487,-0.143243322,2.465553046,0.882115202,0.209737265,0.408,107.7962221,0.652173913
469,æ¹,o,Tone 3,speaker033,normal,20,109.0426556,94.82880714,0,æ¹-Speaker033-normal-Tone 3,11,0.007319487,-0.143243322,2.12181722,0.696295036,0.481095698,0.455,101.2264733,0.652173913
470,å³,e,Tone 2,speaker033,normal,20,161.8544214,107.6257478,0,å³-Speaker033-normal-Tone 2,1,0.007319487,-0.143243322,1.83598628,1.662945822,0.70674176,0.25,121.2750362,0.086956522
471,æ¸´,e,Tone 3,speaker033,normal,20,143.5581998,97.45378709,0,æ¸´-Speaker033-normal-Tone 3,4,0.007319487,-0.143243322,2.063185981,0.922576465,0.527381478,0.432,108.8237184,0.826086957
472,é¨,y,Tone 3,speaker033,normal,20,143.6378822,92.45247941,0,é¨-Speaker033-normal-Tone 3,10,0.007319487,-0.143243322,2.174894592,1.219060457,0.439194355,0.488,108.9612793,0.869565217
473,æ,i,Tone 2,speaker033,normal,20,182.8156536,111.5762755,0,æ-Speaker033-normal-Tone 2,1,0.007319487,-0.143243322,1.747747764,2.004546152,0.776400676,0.302,131.3014542,0.043478261
474,æ ,u,Tone 2,speaker033,normal,20,218.4167157,115.6945199,0,æ -Speaker033-normal-Tone 2,12,0.007319487,-0.143243322,1.655763149,2.660298182,0.849016909,0.378,139.7528253,0.043478261
